2019/3/18,,,,,,,,,,,
             使用频率                      使用时长,,,,,,,,,,,
启动次数,用户数,用户占比,时长,用户数,用户数占比,,,,,,
1-2次,1,33.33%,10分-30分,1,33.33%,,,,,,
6-9次,1,33.33%,30分+,2,66.67%,,,,,,
10-19次,1,33.33%,,,,,,,,,
2019/3/19,,,,,,,,,,,
             使用频率                      使用时长,,,,,,,,,,,
启动次数,用户数,用户占比,时长,用户数,用户数占比,,,,,,
1-2次,3,75%,1秒-3秒,1,25%,,,,,,
20-49次,1,25%,31秒-1分,1,25%,,,,,,
暂无书记,暂无数据,暂无数据,1分-3分,1,25%,,,,,,
暂无数据,暂无数据,暂无数据,30分+,1,25%,,,,,,
2019/3/20,,,,,,,,,,,
             使用频率                      使用时长,,,,,,,,,,,
启动次数,用户数,用户占比,时长,用户数,用户数占比,,,,,,
1-2次,2,66.67%,31秒-1分,1,50%,,,,,,
3-5次,1,33.33%,3分-10分,1,50%,,,,,,
2019/3/21,,,,,,,,,,,
             使用频率                      使用时长,,,,,,,,,,,
启动次数,用户数,用户占比,时长,用户数,用户数占比,,,,,,
3-5次,2,50%,1分-3分,1,50%,,,,,,
20-49次,1,50%,30分+,1,50%,,,,,,
2019/3/22,,,,,,,,,,,
             使用频率                      使用时长,,,,,,,,,,,
启动次数,用户数,用户占比,时长,用户数,用户数占比,,,,,,
1-2次,2,50%,1秒-3秒,1,25%,,,,,,
3-5次,1,25%,1分-3分,2,50%,,,,,,
10-19次,1,25%,30分+,1,25%,,,,,,
2019/3/23,,,,,,,,,,,
             使用频率                      使用时长,,,,,,,,,,,
启动次数,用户数,用户占比,时长,用户数,用户数占比,,,,,,
暂无数据,暂无数据,暂无数据,暂无数据,暂无数据,暂无数据,,,,,,
2019/3/24,,,,,,,,,,,
             使用频率                      使用时长,,,,,,,,,,,
启动次数,用户数,用户占比,时长,用户数,用户数占比,,,,,,
暂无数据,暂无数据,暂无数据,暂无数据,暂无数据,暂无数据,,,,,,
2019/3/25,,,,,,,,,,,
             使用频率                      使用时长,,,,,,,,,,,
启动次数,用户数,用户占比,时长,用户数,用户数占比,,,,,,
1-2次,1,50%,1分-3分,1,50%,,,,,,
20-49次,1,50%,30分+,1,50%,,,,,,
2019/3/26,,,,,,,,,,,
             使用频率                      使用时长,,,,,,,,,,,
启动次数,用户数,用户占比,时长,用户数,用户数占比,,,,,,
3-5次,1,100%,3分-10分,1,100%,,,,,,
2019/3/27,,,,,,,,,,,
             使用频率                      使用时长,,,,,,,,,,,
启动次数,用户数,用户占比,时长,用户数,用户数占比,,,,,,
1-2次,1,100%,4秒-10秒,1,100%,,,,,,
2019/3/28,,,,,,,,,,,
             使用频率                      使用时长,,,,,,,,,,,
启动次数,用户数,用户占比,时长,用户数,用户数占比,,,,,,
1-2次,1,33.33%,1分-3分,2,66.67%,,,,,,
6-9次,1,33.33%,10分-30分,1,33.33%,,,,,,
50+次,1,33.33%,,,,,,,,,
2019/3/29,,,,,,,,,,,
             使用频率                      使用时长,,,,,,,,,,,
启动次数,用户数,用户占比,时长,用户数,用户数占比,,,,,,
1-2次,1,25%,11秒-30秒,1,25%,,,,,,
6-9次,1,25%,3分-10分,2,50%,,,,,,
10-19次,1,25%,10分-30分,1,25%,,,,,,
20-49次,1,25%,,,,,,,,,
2019/3/30,,,,,,,,,,,
             使用频率                      使用时长,,,,,,,,,,,
启动次数,用户数,用户占比,时长,用户数,用户数占比,,,,,,
1-2次,2,100%,1-3分,1,100%,,,,,,
2019/3/31,,,,,,,,,,,
             使用频率                      使用时长,,,,,,,,,,,
启动次数,用户数,用户占比,时长,用户数,用户数占比,,,,,,
暂无数据,暂无数据,暂无数据,暂无数据,暂无数据,暂无数据,,,,,,
,,,,,,,,,,,
2019/4/1,,,,,,,,,,,
             使用频率                      使用时长,,,,,,,,,,,
启动次数,用户数,用户占比,时长,用户数,用户数占比,,,,,,
1-2次,2,50%,1分-3分,1,25%,,,,,,
6-9次,1,25%,3分-10分,1,25%,,,,,,
20-49次,1,25%,30分+,2,50%,,,,,,
2019/4/2,,,,,,,,,,,
             使用频率                      使用时长,,,,,,,,,,,
启动次数,用户数,用户占比,时长,用户数,用户数占比,,,,,,
6-9次,2,66367%,3分-10分,2,66.67%,,,,,,
10-19次,1,33.33%,30分+,1,33.33%,,,,,,
2019/4/3,,,,,,,,,,,
             使用频率                      使用时长,,,,,,,,,,,
启动次数,用户数,用户占比,时长,用户数,用户数占比,,,,,,
1-2次,3,50%,11秒-30秒,1,20%,,,,,,
3-5次,1,16.67%,1分-3分,2,40%,,,,,,
6-9次,1,16.67%,3分-10分,2,40%,,,,,,
10-19次,1,16.67%,暂无数据,暂无数据,暂无数据,,,,,,
2019/4/4,,,,,,,,,,,
             使用频率                      使用时长,,,,,,,,,,,
启动次数,用户数,用户占比,时长,用户数,用户数占比,,,,,,
1-2次,6,85.71%,10分-30分,1,100%,,,,,,
10-19次,1,14.29%,暂无数据,暂无数据,暂无数据,,,,,,
2019/4/5,,,,,,,,,,,
             使用频率                      使用时长,,,,,,,,,,,
启动次数,用户数,用户占比,时长,用户数,用户数占比,,,,,,
1-2次,1,100%,暂无数据,暂无数据,暂无数据,,,,,,
2019/4/6,,,,,,,,,,,
             使用频率                      使用时长,,,,,,,,,,,
启动次数,用户数,用户占比,时长,用户数,用户数占比,,,,,,
暂无数据,暂无数据,暂无数据,暂无数据,暂无数据,暂无数据,,,,,,
2019/4/7,,,,,,,,,,,
             使用频率                      使用时长,,,,,,,,,,,
启动次数,用户数,用户占比,时长,用户数,用户数占比,,,,,,
暂无数据,暂无数据,暂无数据,暂无数据,暂无数据,暂无数据,,,,,,
2019/4/8,,,,,,,,,,,
             使用频率                      使用时长,,,,,,,,,,,
启动次数,用户数,用户占比,时长,用户数,用户数占比,,,,,,
3-5次,1,25%,1分-3分,2,50%,,,,,,
6-9次,1,25%,10分-30分,1,25%,,,,,,
10-19次,2,50%,30分+,1,25%,,,,,,
2019/4/9,,,,,,,,,,,
             使用频率                      使用时长,,,,,,,,,,,
启动次数,用户数,用户占比,时长,用户数,用户数占比,,,,,,
暂无数据,暂无数据,暂无数据,暂无数据,暂无数据,暂无数据,,,,,,
2019/4/10,,,,,,,,,,,
             使用频率                      使用时长,,,,,,,,,,,
启动次数,用户数,用户占比,时长,用户数,用户数占比,,,,,,
1-2次,1,50%,1分-3分,1,50%,,,,,,
20-49次,1,50%,30分+,1,50%,,,,,,
2019/4/11,,,,,,,,,,,
             使用频率                      使用时长,,,,,,,,,,,
启动次数,用户数,用户占比,时长,用户数,用户数占比,,,,,,
1-2次,1,50%,1-3秒,1,50%,,,,,,
10-19次,1,50%,30分+,1,50%,,,,,,
2019/4/12,,,,,,,,,,,
             使用频率                      使用时长,,,,,,,,,,,
启动次数,用户数,用户占比,时长,用户数,用户数占比,,,,,,
暂无数据,暂无数据,暂无数据,暂无数据,暂无数据,暂无数据,,,,,,
2019/4/13,,,,,,,,,,,
             使用频率                      使用时长,,,,,,,,,,,
启动次数,用户数,用户占比,时长,用户数,用户数占比,,,,,,
1-2次,1,100%,31秒-1分,1,100%,,,,,,
2019/4/14,,,,,,,,,,,
             使用频率                      使用时长,,,,,,,,,,,
启动次数,用户数,用户占比,时长,用户数,用户数占比,,,,,,
暂无数据,暂无数据,暂无数据,暂无数据,暂无数据,暂无数据,,,,,,
2019/4/15,,,,,,,,,,,
             使用频率                      使用时长,,,,,,,,,,,
启动次数,用户数,用户占比,时长,用户数,用户数占比,,,,,,
1-2次,3,60%,1分-3分,2,50%,,,,,,
3-5次,2,40%,3分-10分,1,25%,,,,,,
暂无数据,暂无数据,暂无数据,10分-30分,1,25%,,,,,,
2019/4/16,,,,,,,,,,,
             使用频率                      使用时长,,,,,,,,,,,
启动次数,用户数,用户占比,时长,用户数,用户数占比,,,,,,
1-2次,3,100%,4秒-10秒,1,50%,,,,,,
暂无数据,暂无数据,暂无数据,31秒-1分,1,50%,,,,,,
2019/4/17,,,,,,,,,,,
             使用频率                      使用时长,,,,,,,,,,,
启动次数,用户数,用户占比,时长,用户数,用户数占比,,,,,,
3-5次,1,100%,1分-3分,1,100%,,,,,,
2019/4/18,,,,,,,,,,,
             使用频率                      使用时长,,,,,,,,,,,
启动次数,用户数,用户占比,时长,用户数,用户数占比,,,,,,
1-2次,1,50%,1分-3分,1,50%,,,,,,
6-9次,1,50%,10分-30分,1,50%,,,,,,
2019/4/19,,,,,,,,,,,
             使用频率                      使用时长,,,,,,,,,,,
启动次数,用户数,用户占比,时长,用户数,用户数占比,,,,,,
暂无数据,暂无数据,暂无数据,暂无数据,暂无数据,暂无数据,,,,,,
2019/4/20,,,,,,,,,,,
             使用频率                      使用时长,,,,,,,,,,,
启动次数,用户数,用户占比,时长,用户数,用户数占比,,,,,,
暂无数据,暂无数据,暂无数据,暂无数据,暂无数据,暂无数据,,,,,,
2019/4/21,,,,,,,,,,,
             使用频率                      使用时长,,,,,,,,,,,
启动次数,用户数,用户占比,时长,用户数,用户数占比,,,,,,
暂无数据,暂无数据,暂无数据,暂无数据,暂无数据,暂无数据,,,,,,
2019/4/22,,,,,,,,,,,
             使用频率                      使用时长,,,,,,,,,,,
启动次数,用户数,用户占比,时长,用户数,用户数占比,,,,,,
1-2次,1,100%,4秒-10秒,1,100%,,,,,,
2019/4/23,,,,,,,,,,,
             使用频率                      使用时长,,,,,,,,,,,
启动次数,用户数,用户占比,时长,用户数,用户数占比,,,,,,
暂无数据,暂无数据,暂无数据,暂无数据,暂无数据,暂无数据,,,,,,
2019/4/24,,,,,,,,,,,
             使用频率                      使用时长,,,,,,,,,,,
启动次数,用户数,用户占比,时长,用户数,用户数占比,,,,,,
暂无数据,暂无数据,暂无数据,暂无数据,暂无数据,暂无数据,,,,,,
2019/4/25,,,,,,,,,,,
             使用频率                      使用时长,,,,,,,,,,,
启动次数,用户数,用户占比,时长,用户数,用户数占比,,,,,,
暂无数据,暂无数据,暂无数据,暂无数据,暂无数据,暂无数据,,,,,,
2019/4/26,,,,,,,,,,,
             使用频率                      使用时长,,,,,,,,,,,
启动次数,用户数,用户占比,时长,用户数,用户数占比,,,,,,
暂无数据,暂无数据,暂无数据,暂无数据,暂无数据,暂无数据,,,,,,
2019/4/27,,,,,,,,,,,
             使用频率                      使用时长,,,,,,,,,,,
启动次数,用户数,用户占比,时长,用户数,用户数占比,,,,,,
暂无数据,暂无数据,暂无数据,暂无数据,暂无数据,暂无数据,,,,,,
2019/4/28,,,,,,,,,,,
             使用频率                      使用时长,,,,,,,,,,,
启动次数,用户数,用户占比,时长,用户数,用户数占比,,,,,,
1-2次,1,50%,3分-10分,1,100%,,,,,,
3-5次,1,50%,暂无数据,暂无数据,暂无数据,,,,,,
2019/4/29,,,,,,,,,,,
             使用频率                      使用时长,,,,,,,,,,,
启动次数,用户数,用户占比,时长,用户数,用户数占比,,,,,,
1-2次,1,100%,1秒-3秒,1,100%,,,,,,
2019/4/30,,,,,,,,,,,
             使用频率                      使用时长,,,,,,,,,,,
启动次数,用户数,用户占比,时长,用户数,用户数占比,,,,,,
暂无数据,暂无数据,暂无数据,暂无数据,暂无数据,暂无数据,,,,,,
,,,,,,,,,,,
2019/5/1,,,,,,,,,,,
             使用频率                      使用时长,,,,,,,,,,,
启动次数,用户数,用户占比,时长,用户数,用户数占比,,,,,,
暂无数据,暂无数据,暂无数据,暂无数据,暂无数据,暂无数据,,,,,,
2019/5/2,,,,,,,,,,,
             使用频率                      使用时长,,,,,,,,,,,
启动次数,用户数,用户占比,时长,用户数,用户数占比,,,,,,
暂无数据,暂无数据,暂无数据,暂无数据,暂无数据,暂无数据,,,,,,
2019/5/3,,,,,,,,,,,
             使用频率                      使用时长,,,,,,,,,,,
启动次数,用户数,用户占比,时长,用户数,用户数占比,,,,,,
暂无数据,暂无数据,暂无数据,暂无数据,暂无数据,暂无数据,,,,,,
2019/5/4,,,,,,,,,,,
             使用频率                      使用时长,,,,,,,,,,,
启动次数,用户数,用户占比,时长,用户数,用户数占比,,,,,,
暂无数据,暂无数据,暂无数据,暂无数据,暂无数据,暂无数据,,,,,,
2019/5/5,,,,,,,,,,,
             使用频率                      使用时长,,,,,,,,,,,
启动次数,用户数,用户占比,时长,用户数,用户数占比,,,,,,
暂无数据,暂无数据,暂无数据,暂无数据,暂无数据,暂无数据,,,,,,
2019/5/6,,,,,,,,,,,
             使用频率                      使用时长,,,,,,,,,,,
启动次数,用户数,用户占比,时长,用户数,用户数占比,,,,,,
暂无数据,暂无数据,暂无数据,暂无数据,暂无数据,暂无数据,,,,,,
2019/5/7,,,,,,,,,,,
             使用频率                      使用时长,,,,,,,,,,,
启动次数,用户数,用户占比,时长,用户数,用户数占比,,,,,,
暂无数据,暂无数据,暂无数据,暂无数据,暂无数据,暂无数据,,,,,,
2019/5/8,,,,,,,,,,,
             使用频率                      使用时长,,,,,,,,,,,
启动次数,用户数,用户占比,时长,用户数,用户数占比,,,,,,
暂无数据,暂无数据,暂无数据,暂无数据,暂无数据,暂无数据,,,,,,
2019/5/9,,,,,,,,,,,
             使用频率                      使用时长,,,,,,,,,,,
启动次数,用户数,用户占比,时长,用户数,用户数占比,,,,,,
暂无数据,暂无数据,暂无数据,暂无数据,暂无数据,暂无数据,,,,,,
2019/5/10,,,,,,,,,,,
             使用频率                      使用时长,,,,,,,,,,,
启动次数,用户数,用户占比,时长,用户数,用户数占比,,,,,,
1-2次,2,100%,11秒-30秒,1,100%,,,,,,
2019/5/11,,,,,,,,,,,
             使用频率                      使用时长,,,,,,,,,,,
启动次数,用户数,用户占比,时长,用户数,用户数占比,,,,,,
暂无数据,暂无数据,暂无数据,暂无数据,暂无数据,暂无数据,,,,,,
2019/5/12,,,,,,,,,,,
             使用频率                      使用时长,,,,,,,,,,,
启动次数,用户数,用户占比,时长,用户数,用户数占比,,,,,,
暂无数据,暂无数据,暂无数据,暂无数据,暂无数据,暂无数据,,,,,,
2019/5/13,,,,,,,,,,,
             使用频率                      使用时长,,,,,,,,,,,
启动次数,用户数,用户占比,时长,用户数,用户数占比,,,,,,
暂无数据,暂无数据,暂无数据,暂无数据,暂无数据,暂无数据,,,,,,
2019/5/14,,,,,,,,,,,
             使用频率                      使用时长,,,,,,,,,,,
启动次数,用户数,用户占比,时长,用户数,用户数占比,,,,,,
暂无数据,暂无数据,暂无数据,暂无数据,暂无数据,暂无数据,,,,,,
2019/5/15,,,,,,,,,,,
             使用频率                      使用时长,,,,,,,,,,,
启动次数,用户数,用户占比,时长,用户数,用户数占比,,,,,,
暂无数据,暂无数据,暂无数据,暂无数据,暂无数据,暂无数据,,,,,,
2019/5/16,,,,,,,,,,,
             使用频率                      使用时长,,,,,,,,,,,
启动次数,用户数,用户占比,时长,用户数,用户数占比,,,,,,
暂无数据,暂无数据,暂无数据,暂无数据,暂无数据,暂无数据,,,,,,
2019/5/17,,,,,,,,,,,
             使用频率                      使用时长,,,,,,,,,,,
启动次数,用户数,用户占比,时长,用户数,用户数占比,,,,,,
暂无数据,暂无数据,暂无数据,暂无数据,暂无数据,暂无数据,,,,,,
2019/5/18,,,,,,,,,,,
             使用频率                      使用时长,,,,,,,,,,,
启动次数,用户数,用户占比,时长,用户数,用户数占比,,,,,,
暂无数据,暂无数据,暂无数据,暂无数据,暂无数据,暂无数据,,,,,,
2019/5/19,,,,,,,,,,,
             使用频率                      使用时长,,,,,,,,,,,
启动次数,用户数,用户占比,时长,用户数,用户数占比,,,,,,
暂无数据,暂无数据,暂无数据,暂无数据,暂无数据,暂无数据,,,,,,
2019/5/20,,,,,,,,,,,
             使用频率                      使用时长,,,,,,,,,,,
启动次数,用户数,用户占比,时长,用户数,用户数占比,,,,,,
暂无数据,暂无数据,暂无数据,暂无数据,暂无数据,暂无数据,,,,,,
2019/5/21,,,,,,,,,,,
             使用频率                      使用时长,,,,,,,,,,,
启动次数,用户数,用户占比,时长,用户数,用户数占比,,,,,,
暂无数据,暂无数据,暂无数据,暂无数据,暂无数据,暂无数据,,,,,,
2019/5/22,,,,,,,,,,,
             使用频率                      使用时长,,,,,,,,,,,
启动次数,用户数,用户占比,时长,用户数,用户数占比,,,,,,
暂无数据,暂无数据,暂无数据,暂无数据,暂无数据,暂无数据,,,,,,
2019/5/23,,,,,,,,,,,
             使用频率                      使用时长,,,,,,,,,,,
启动次数,用户数,用户占比,时长,用户数,用户数占比,,,,,,
1-2次,1,100%,4秒-10秒,1,100%,,,,,,
2019/5/24,,,,,,,,,,,
             使用频率                      使用时长,,,,,,,,,,,
启动次数,用户数,用户占比,时长,用户数,用户数占比,,,,,,
1-2次,1,100%,4秒-10秒,1,100%,,,,,,
2019/5/25,,,,,,,,,,,
             使用频率                      使用时长,,,,,,,,,,,
启动次数,用户数,用户占比,时长,用户数,用户数占比,,,,,,
暂无数据,暂无数据,暂无数据,暂无数据,暂无数据,暂无数据,,,,,,
2019/5/26,,,,,,,,,,,
             使用频率                      使用时长,,,,,,,,,,,
启动次数,用户数,用户占比,时长,用户数,用户数占比,,,,,,
暂无数据,暂无数据,暂无数据,暂无数据,暂无数据,暂无数据,,,,,,
2019/5/27,,,,,,,,,,,
             使用频率                      使用时长,,,,,,,,,,,
启动次数,用户数,用户占比,时长,用户数,用户数占比,,,,,,
暂无数据,暂无数据,暂无数据,暂无数据,暂无数据,暂无数据,,,,,,
2019/5/28,,,,,,,,,,,
             使用频率                      使用时长,,,,,,,,,,,
启动次数,用户数,用户占比,时长,用户数,用户数占比,,,,,,
暂无数据,暂无数据,暂无数据,暂无数据,暂无数据,暂无数据,,,,,,
2019/5/29,,,,,,,,,,,
             使用频率                      使用时长,,,,,,,,,,,
启动次数,用户数,用户占比,时长,用户数,用户数占比,,,,,,
暂无数据,暂无数据,暂无数据,暂无数据,暂无数据,暂无数据,,,,,,
2019/5/30,,,,,,,,,,,
             使用频率                      使用时长,,,,,,,,,,,
启动次数,用户数,用户占比,时长,用户数,用户数占比,,,,,,
暂无数据,暂无数据,暂无数据,暂无数据,暂无数据,暂无数据,,,,,,
2019/5/31,,,,,,,,,,,
             使用频率                      使用时长,,,,,,,,,,,
启动次数,用户数,用户占比,时长,用户数,用户数占比,,,,,,
暂无数据,暂无数据,暂无数据,暂无数据,暂无数据,暂无数据,,,,,,
,,,,,,,,,,,
2019/6/1,,,,,,,,,,,
             使用频率                      使用时长,,,,,,,,,,,
启动次数,用户数,用户占比,时长,用户数,用户数占比,,,,,,
暂无数据,暂无数据,暂无数据,暂无数据,暂无数据,暂无数据,,,,,,
2019/6/2,,,,,,,,,,,
             使用频率                      使用时长,,,,,,,,,,,
启动次数,用户数,用户占比,时长,用户数,用户数占比,,,,,,
暂无数据,暂无数据,暂无数据,暂无数据,暂无数据,暂无数据,,,,,,
2019/6/3,,,,,,,,,,,
             使用频率                      使用时长,,,,,,,,,,,
启动次数,用户数,用户占比,时长,用户数,用户数占比,,,,,,
暂无数据,暂无数据,暂无数据,暂无数据,暂无数据,暂无数据,,,,,,
2019/6/4,,,,,,,,,,,
             使用频率                      使用时长,,,,,,,,,,,
启动次数,用户数,用户占比,时长,用户数,用户数占比,,,,,,
1-2次,1,100%,31秒-1分,1,100%,,,,,,
2019/6/5,,,,,,,,,,,
             使用频率                      使用时长,,,,,,,,,,,
启动次数,用户数,用户占比,时长,用户数,用户数占比,,,,,,
暂无数据,暂无数据,暂无数据,暂无数据,暂无数据,暂无数据,,,,,,
2019/6/6,,,,,,,,,,,
             使用频率                      使用时长,,,,,,,,,,,
启动次数,用户数,用户占比,时长,用户数,用户数占比,,,,,,
1-2次,1,100%,暂无数据,暂无数据,暂无数据,,,,,,
2019/6/7,,,,,,,,,,,
             使用频率                      使用时长,,,,,,,,,,,
启动次数,用户数,用户占比,时长,用户数,用户数占比,,,,,,
暂无数据,暂无数据,暂无数据,暂无数据,暂无数据,暂无数据,,,,,,
2019/6/8,,,,,,,,,,,
             使用频率                      使用时长,,,,,,,,,,,
启动次数,用户数,用户占比,时长,用户数,用户数占比,,,,,,
1-2次,1,100%,4秒-10秒,1,100%,,,,,,
2019/6/9,,,,,,,,,,,
             使用频率                      使用时长,,,,,,,,,,,
启动次数,用户数,用户占比,时长,用户数,用户数占比,,,,,,
暂无数据,暂无数据,暂无数据,暂无数据,暂无数据,暂无数据,,,,,,
2019/6/10,,,,,,,,,,,
             使用频率                      使用时长,,,,,,,,,,,
启动次数,用户数,用户占比,时长,用户数,用户数占比,,,,,,
1-2次,1,100%,1分-3分,1,100%,,,,,,
2019/6/11,,,,,,,,,,,
             使用频率                      使用时长,,,,,,,,,,,
启动次数,用户数,用户占比,时长,用户数,用户数占比,,,,,,
暂无数据,暂无数据,暂无数据,暂无数据,暂无数据,暂无数据,,,,,,
2019/6/12,,,,,,,,,,,
             使用频率                      使用时长,,,,,,,,,,,
启动次数,用户数,用户占比,时长,用户数,用户数占比,,,,,,
暂无数据,暂无数据,暂无数据,暂无数据,暂无数据,暂无数据,,,,,,
2019/6/13,,,,,,,,,,,
             使用频率                      使用时长,,,,,,,,,,,
启动次数,用户数,用户占比,时长,用户数,用户数占比,,,,,,
1-2次,1,50%,4秒-10秒,1,50%,,,,,,
3-5次,1,50%,1分-3分,1,50%,,,,,,
2019/6/14,,,,,,,,,,,
             使用频率                      使用时长,,,,,,,,,,,
启动次数,用户数,用户占比,时长,用户数,用户数占比,,,,,,
暂无数据,暂无数据,暂无数据,暂无数据,暂无数据,暂无数据,,,,,,
2019/6/15,,,,,,,,,,,
             使用频率                      使用时长,,,,,,,,,,,
启动次数,用户数,用户占比,时长,用户数,用户数占比,,,,,,
暂无数据,暂无数据,暂无数据,暂无数据,暂无数据,暂无数据,,,,,,
2019/6/16,,,,,,,,,,,
             使用频率                      使用时长,,,,,,,,,,,
启动次数,用户数,用户占比,时长,用户数,用户数占比,,,,,,
暂无数据,暂无数据,暂无数据,暂无数据,暂无数据,暂无数据,,,,,,
2019/6/17,,,,,,,,,,,
             使用频率                      使用时长,,,,,,,,,,,
启动次数,用户数,用户占比,时长,用户数,用户数占比,,,,,,
暂无数据,暂无数据,暂无数据,暂无数据,暂无数据,暂无数据,,,,,,
2019/6/18,,,,,,,,,,,
             使用频率                      使用时长,,,,,,,,,,,
启动次数,用户数,用户占比,时长,用户数,用户数占比,,,,,,
1-2次,1,100%,4秒-10秒,1,100%,,,,,,
2019/6/19,,,,,,,,,,,
             使用频率                      使用时长,,,,,,,,,,,
启动次数,用户数,用户占比,时长,用户数,用户数占比,,,,,,
1-2次,1,100%,10分-30分,1,100%,,,,,,
2019/6/20,,,,,,,,,,,
             使用频率                      使用时长,,,,,,,,,,,
启动次数,用户数,用户占比,时长,用户数,用户数占比,,,,,,
6-9次,1,100%,10分-30分,1,100%,,,,,,
2019/6/21,,,,,,,,,,,
             使用频率                      使用时长,,,,,,,,,,,
启动次数,用户数,用户占比,时长,用户数,用户数占比,,,,,,
3-5次,1,100%,3分-10分,1,100%,,,,,,
2019/6/22,,,,,,,,,,,
             使用频率                      使用时长,,,,,,,,,,,
启动次数,用户数,用户占比,时长,用户数,用户数占比,,,,,,
暂无数据,暂无数据,暂无数据,暂无数据,暂无数据,暂无数据,,,,,,
2019/6/23,,,,,,,,,,,
             使用频率                      使用时长,,,,,,,,,,,
启动次数,用户数,用户占比,时长,用户数,用户数占比,,,,,,
暂无数据,暂无数据,暂无数据,暂无数据,暂无数据,暂无数据,,,,,,
2019/6/24,,,,,,,,,,,
             使用频率                      使用时长,,,,,,,,,,,
启动次数,用户数,用户占比,时长,用户数,用户数占比,,,,,,
暂无数据,暂无数据,暂无数据,暂无数据,暂无数据,暂无数据,,,,,,
2019/6/25,,,,,,,,,,,
             使用频率                      使用时长,,,,,,,,,,,
启动次数,用户数,用户占比,时长,用户数,用户数占比,,,,,,
6-9次,1,100%,10分-30分,1,100%,,,,,,
2019/6/26,,,,,,,,,,,
             使用频率                      使用时长,,,,,,,,,,,
启动次数,用户数,用户占比,时长,用户数,用户数占比,,,,,,
6-9次,1,100%,3分-10分,1,100%,,,,,,
2019/6/27,,,,,,,,,,,
             使用频率                      使用时长,,,,,,,,,,,
启动次数,用户数,用户占比,时长,用户数,用户数占比,,,,,,
1-2次,2,66.67%,1分-3分,1,50%,,,,,,
10-19次,1,33.33%,10分-30分,1,50%,,,,,,
2019/6/28,,,,,,,,,,,
             使用频率                      使用时长,,,,,,,,,,,
启动次数,用户数,用户占比,时长,用户数,用户数占比,,,,,,
10-19次,1,100%,10分-30分,1,100%,,,,,,
2019/6/29,,,,,,,,,,,
             使用频率                      使用时长,,,,,,,,,,,
启动次数,用户数,用户占比,时长,用户数,用户数占比,,,,,,
暂无数据,暂无数据,暂无数据,暂无数据,暂无数据,暂无数据,,,,,,
2019/6/30,,,,,,,,,,,
             使用频率                      使用时长,,,,,,,,,,,
启动次数,用户数,用户占比,时长,用户数,用户数占比,,,,,,
暂无数据,暂无数据,暂无数据,暂无数据,暂无数据,暂无数据,,,,,,
,,,,,,,,,,,
,,,,,,,,,,,
2019/7/1,,,,,,,,,,,
             使用频率                      使用时长,,,,,,,,,,,
启动次数,用户数,用户占比,时长,用户数,用户数占比,,,,,,
6-9次,1,100%,10分-30分,1,100%,,,,,,
2019/7/2,,,,,,,,,,,
             使用频率                      使用时长,,,,,,,,,,,
启动次数,用户数,用户占比,时长,用户数,用户数占比,,,,,,
暂无数据,暂无数据,暂无数据,暂无数据,暂无数据,暂无数据,,,,,,
2019/7/3,,,,,,,,,,,
             使用频率                      使用时长,,,,,,,,,,,
启动次数,用户数,用户占比,时长,用户数,用户数占比,,,,,,
1-2次,1,100%,31秒-1分,1,100%,,,,,,
2019/7/4,,,,,,,,,,,
             使用频率                      使用时长,,,,,,,,,,,
启动次数,用户数,用户占比,时长,用户数,用户数占比,,,,,,
1-2次,1,100%,11秒-30秒,1,100%,,,,,,
2019/7/5,,,,,,,,,,,
             使用频率                      使用时长,,,,,,,,,,,
启动次数,用户数,用户占比,时长,用户数,用户数占比,,,,,,
1-2次,2,66.67%,1分-3分,1,100%,,,,,,
3-5次,1,33.33%,暂无数据,暂无数据,暂无数据,,,,,,
2019/7/6,,,,,,,,,,,
             使用频率                      使用时长,,,,,,,,,,,
启动次数,用户数,用户占比,时长,用户数,用户数占比,,,,,,
1-2次,13,100%,10分-30分,1,100%,,,,,,
2019/7/7,,,,,,,,,,,
             使用频率                      使用时长,,,,,,,,,,,
启动次数,用户数,用户占比,时长,用户数,用户数占比,,,,,,
暂无数据,暂无数据,暂无数据,暂无数据,暂无数据,暂无数据,,,,,,
2019/7/8,,,,,,,,,,,
             使用频率                      使用时长,,,,,,,,,,,
启动次数,用户数,用户占比,时长,用户数,用户数占比,,,,,,
1-2次,7,87.50%,10分-30分,1,100%,,,,,,
6-9次,1,12.50%,暂无数据,暂无数据,暂无数据,,,,,,
2019/7/9,,,,,,,,,,,
             使用频率                      使用时长,,,,,,,,,,,
启动次数,用户数,用户占比,时长,用户数,用户数占比,,,,,,
3-5次,1,100%,3分-10分,1,100%,,,,,,
2019/7/10,,,,,,,,,,,
             使用频率                      使用时长,,,,,,,,,,,
启动次数,用户数,用户占比,时长,用户数,用户数占比,,,,,,
1-2次,1,100%,1秒-3秒,1,100%,,,,,,
2019/7/11,,,,,,,,,,,
             使用频率                      使用时长,,,,,,,,,,,
启动次数,用户数,用户占比,时长,用户数,用户数占比,,,,,,
1-2次,1,100%,11秒-30秒,1,100%,,,,,,
2019/7/12,,,,,,,,,,,
             使用频率                      使用时长,,,,,,,,,,,
启动次数,用户数,用户占比,时长,用户数,用户数占比,,,,,,
1-2次,1,100%,暂无数据,暂无数据,暂无数据,,,,,,
2019/7/13,,,,,,,,,,,
             使用频率                      使用时长,,,,,,,,,,,
启动次数,用户数,用户占比,时长,用户数,用户数占比,,,,,,
暂无数据,暂无数据,暂无数据,暂无数据,暂无数据,暂无数据,,,,,,
2019/7/14,,,,,,,,,,,
             使用频率                      使用时长,,,,,,,,,,,
启动次数,用户数,用户占比,时长,用户数,用户数占比,,,,,,
暂无数据,暂无数据,暂无数据,暂无数据,暂无数据,暂无数据,,,,,,
2019/7/15,,,,,,,,,,,
             使用频率                      使用时长,,,,,,,,,,,
启动次数,用户数,用户占比,时长,用户数,用户数占比,,,,,,
1-2次,1,50%,1分-3分,1,100%,,,,,,
3-5次,1,50%,暂无数据,暂无数据,暂无数据,,,,,,
2019/7/16,,,,,,,,,,,
             使用频率                      使用时长,,,,,,,,,,,
启动次数,用户数,用户占比,时长,用户数,用户数占比,,,,,,
暂无数据,暂无数据,暂无数据,暂无数据,暂无数据,暂无数据,,,,,,
2019/7/17,,,,,,,,,,,
             使用频率                      使用时长,,,,,,,,,,,
启动次数,用户数,用户占比,时长,用户数,用户数占比,,,,,,
1-2次,1,100%,3分-10分,1,100%,,,,,,
2019/7/18,,,,,,,,,,,
             使用频率                      使用时长,,,,,,,,,,,
启动次数,用户数,用户占比,时长,用户数,用户数占比,,,,,,
暂无数据,暂无数据,暂无数据,暂无数据,暂无数据,暂无数据,,,,,,
2019/7/19,,,,,,,,,,,
             使用频率                      使用时长,,,,,,,,,,,
启动次数,用户数,用户占比,时长,用户数,用户数占比,,,,,,
暂无数据,暂无数据,暂无数据,暂无数据,暂无数据,暂无数据,,,,,,
2019/7/20,,,,,,,,,,,
             使用频率                      使用时长,,,,,,,,,,,
启动次数,用户数,用户占比,时长,用户数,用户数占比,,,,,,
暂无数据,暂无数据,暂无数据,暂无数据,暂无数据,暂无数据,,,,,,
2019/7/21,,,,,,,,,,,
             使用频率                      使用时长,,,,,,,,,,,
启动次数,用户数,用户占比,时长,用户数,用户数占比,,,,,,
暂无数据,暂无数据,暂无数据,暂无数据,暂无数据,暂无数据,,,,,,
2019/7/22,,,,,,,,,,,
             使用频率                      使用时长,,,,,,,,,,,
启动次数,用户数,用户占比,时长,用户数,用户数占比,,,,,,
1-2次,1,100%,1分-3分,1,100%,,,,,,
2019/7/23,,,,,,,,,,,
             使用频率                      使用时长,,,,,,,,,,,
启动次数,用户数,用户占比,时长,用户数,用户数占比,,,,,,
暂无数据,暂无数据,暂无数据,暂无数据,暂无数据,暂无数据,,,,,,
2019/7/24,,,,,,,,,,,
             使用频率                      使用时长,,,,,,,,,,,
启动次数,用户数,用户占比,时长,用户数,用户数占比,,,,,,
暂无数据,暂无数据,暂无数据,暂无数据,暂无数据,暂无数据,,,,,,
2019/7/25,,,,,,,,,,,
             使用频率                      使用时长,,,,,,,,,,,
启动次数,用户数,用户占比,时长,用户数,用户数占比,,,,,,
1-2次,1,50%,1分-3分,1,100%,,,,,,
6-9次,1,50%,暂无数据,暂无数据,暂无数据,,,,,,
2019/7/26,,,,,,,,,,,
             使用频率                      使用时长,,,,,,,,,,,
启动次数,用户数,用户占比,时长,用户数,用户数占比,,,,,,
1-2次,1,100%,3分-10分,1,100%,,,,,,
2019/7/27,,,,,,,,,,,
             使用频率                      使用时长,,,,,,,,,,,
启动次数,用户数,用户占比,时长,用户数,用户数占比,,,,,,
暂无数据,暂无数据,暂无数据,暂无数据,暂无数据,暂无数据,,,,,,
2019/7/28,,,,,,,,,,,
             使用频率                      使用时长,,,,,,,,,,,
启动次数,用户数,用户占比,时长,用户数,用户数占比,,,,,,
3-5次,1,50%,1分-3分,1,50%,,,,,,
6-9次,1,50%,3分-10分,1,50%,,,,,,
2019/7/29,,,,,,,,,,,
             使用频率                      使用时长,,,,,,,,,,,
启动次数,用户数,用户占比,时长,用户数,用户数占比,,,,,,
1-2次,1,50%,3分-10分,1,50%,,,,,,
10-19次,1,50%,10分-30分,1,50%,,,,,,
2019/7/30,,,,,,,,,,,
             使用频率                      使用时长,,,,,,,,,,,
启动次数,用户数,用户占比,时长,用户数,用户数占比,,,,,,
1-2次,1,50%,10分-30分,1,100%,,,,,,
6-9次,1,50%,暂无数据,暂无数据,暂无数据,,,,,,
2019/7/31,,,,,,,,,,,
             使用频率                      使用时长,,,,,,,,,,,
启动次数,用户数,用户占比,时长,用户数,用户数占比,,,,,,
1-2次,2,66.67%,1秒-3秒,1,50%,,,,,,
6-9次,1,33.33%,3分-10分,1,50%,,,,,,
,,,,,,,,,,,
2019/8/1,,,,,,,,,,,
             使用频率                      使用时长,,,,,,,,,,,
启动次数,用户数,用户占比,时长,用户数,用户数占比,,,,,,
3-5次,2,100%,1分-3分,1,50%,,,,,,
,,,3分-10分,1,50%,,,,,,
2019/8/2,,,,,,,,,,,
             使用频率                      使用时长,,,,,,,,,,,
启动次数,用户数,用户占比,时长,用户数,用户数占比,,,,,,
10-19次,2,100%,10分-30分,1,50%,,,,,,
,,,30分+,1,50%,,,,,,
2019/8/3,,,,,,,,,,,
             使用频率                      使用时长,,,,,,,,,,,
启动次数,用户数,用户占比,时长,用户数,用户数占比,,,,,,
1-2次,1,50%,3分-10分,1,100%,,,,,,
3-5次,1,50%,暂无数据,暂无数据,暂无数据,,,,,,
2019/8/4,,,,,,,,,,,
             使用频率                      使用时长,,,,,,,,,,,
启动次数,用户数,用户占比,时长,用户数,用户数占比,,,,,,
1-2次,1,33.33%,1分-3分,2,66.67%,,,,,,
3-5次,2,66.67%,3分-10分,1,33.33%,,,,,,
2019/8/5,,,,,,,,,,,
             使用频率                      使用时长,,,,,,,,,,,
启动次数,用户数,用户占比,时长,用户数,用户数占比,,,,,,
1-2次,1,25%,1分-3分,2,50%,,,,,,
3-5次,2,50%,3分-10分,1,25%,,,,,,
6-9次,1,25%,10分-30分,1,25%,,,,,,
2019/8/6,,,,,,,,,,,
             使用频率                      使用时长,,,,,,,,,,,
启动次数,用户数,用户占比,时长,用户数,用户数占比,,,,,,
1-2次,2,28.57%,31秒-1分,2,28.57%,,,,,,
3-5次,3,42.86%,1分-3分,1,14.29%,,,,,,
6-9次,1,14.29%,3分-10分,3,42.86%,,,,,,
10月19日,1,14.29%,10分-30分,1,14.29%,,,,,,
2019/8/7,,,,,,,,,,,
             使用频率                      使用时长,,,,,,,,,,,
启动次数,用户数,用户占比,时长,用户数,用户数占比,,,,,,
1-2次,5,71.43%,1秒-3秒,2,28.57%,,,,,,
3-5次,1,14.29%,4秒-10秒,1,14.29%,,,,,,
6-9次,1,14.29%,11秒-30秒,1,14.29%,,,,,,
暂无数据,暂无数据,暂无数据,31秒-1分,1,14.29%,,,,,,
暂无数据,暂无数据,暂无数据,1分-3分,1,14.29%,,,,,,
暂无数据,暂无数据,暂无数据,3分-10分,1,14.29%,,,,,,
2019/8/8,,,,,,,,,,,
             使用频率                      使用时长,,,,,,,,,,,
启动次数,用户数,用户占比,时长,用户数,用户数占比,,,,,,
1-2次,16,76.19%,31秒-1分,1,11.11%,,,,,,
3-5次,2,9.52%,1分-3分,2,22.22%,,,,,,
6-9次,2,9.52%,3分-10分,5,55.55%,,,,,,
10月19日,1,4.76%,30分+,1,11.11%,,,,,,
2019/8/9,,,,,,,,,,,
             使用频率                      使用时长,,,,,,,,,,,
启动次数,用户数,用户占比,时长,用户数,用户数占比,,,,,,
1-2次,14,82.35%,11秒-30秒,1,12.50%,,,,,,
3-5次,3,17.65%,31秒-1分,1,12.50%,,,,,,
暂无数据,暂无数据,暂无数据,1分-3分,3,37.50%,,,,,,
暂无数据,暂无数据,暂无数据,3分-10分,1,12.50%,,,,,,
暂无数据,暂无数据,暂无数据,10分-30分,2,25%,,,,,,
2019/8/10,,,,,,,,,,,
             使用频率                      使用时长,,,,,,,,,,,
启动次数,用户数,用户占比,时长,用户数,用户数占比,,,,,,
1-2次,6,85.71%,1秒-3秒,1,16.67%,,,,,,
3-5次,1,14.29%,4秒-10秒,1,16.67%,,,,,,
暂无数据,暂无数据,暂无数据,11秒-30秒,1,16.67%,,,,,,
暂无数据,暂无数据,暂无数据,1分-3分,1,16.67%,,,,,,
暂无数据,暂无数据,暂无数据,3分-10分,2,33.33%,,,,,,
2019/8/11,,,,,,,,,,,
             使用频率                      使用时长,,,,,,,,,,,
启动次数,用户数,用户占比,时长,用户数,用户数占比,,,,,,
1-2次,5,100%,4秒-10秒,1,20%,,,,,,
暂无数据,暂无数据,暂无数据,1分-3分,2,40%,,,,,,
暂无数据,暂无数据,暂无数据,3分-10分,1,20%,,,,,,
暂无数据,暂无数据,暂无数据,10分-30分,1,20%,,,,,,
2019/8/12,,,,,,,,,,,
             使用频率                      使用时长,,,,,,,,,,,
启动次数,用户数,用户占比,时长,用户数,用户数占比,,,,,,
1-2次,17,89.47%,11秒-30秒,1,14.29%,,,,,,
3-5次,1,5.26%,31秒-1分,1,14.29%,,,,,,
6-9次,1,5.26%,1分-3分,2,28.57%,,,,,,
暂无数据,暂无数据,暂无数据,3分-10分,1,14.29%,,,,,,
暂无数据,暂无数据,暂无数据,10分-30分,2,28.57%,,,,,,
2019/8/13,,,,,,,,,,,
             使用频率                      使用时长,,,,,,,,,,,
启动次数,用户数,用户占比,时长,用户数,用户数占比,,,,,,
1-2次,15,78.95%,4秒-10秒,1,12.50%,,,,,,
3-5次,3,15.79%,1分-3分,3,37.50%,,,,,,
6-9次,1,5.26%,3分-10分,4,50%,,,,,,
2019/8/14,,,,,,,,,,,
             使用频率                      使用时长,,,,,,,,,,,
启动次数,用户数,用户占比,时长,用户数,用户数占比,,,,,,
1-2次,3,60%,1分-3分,3,75%,,,,,,
3-5次,2,40%,3分-10分,1,25%,,,,,,
2019/8/15,,,,,,,,,,,
             使用频率                      使用时长,,,,,,,,,,,
启动次数,用户数,用户占比,时长,用户数,用户数占比,,,,,,
1-2次,3,42.86%,1分-3分,3,50%,,,,,,
3-5次,2,28.57%,3分-10分,2,33.33%,,,,,,
6-9次,1,14.29%,10分-30分,1,16.67%,,,,,,
10-19次,1,14.29%,暂无数据,暂无数据,暂无数据,,,,,,
2019/8/16,,,,,,,,,,,
             使用频率                      使用时长,,,,,,,,,,,
启动次数,用户数,用户占比,时长,用户数,用户数占比,,,,,,
1-2次,2,66.67%,11秒-30秒,1,33.33%,,,,,,
3-5次,1,33.33%,1分-3分,1,33.33%,,,,,,
暂无数据,暂无数据,暂无数据,3分-10分,1,33.33%,,,,,,
2019/8/17,,,,,,,,,,,
             使用频率                      使用时长,,,,,,,,,,,
启动次数,用户数,用户占比,时长,用户数,用户数占比,,,,,,
1-2次,1,100%,1分-3分,1,100%,,,,,,
2019/8/18,,,,,,,,,,,
             使用频率                      使用时长,,,,,,,,,,,
启动次数,用户数,用户占比,时长,用户数,用户数占比,,,,,,
1-2次,5,62.50%,4秒-10秒,1,16.67%,,,,,,
3-5次,3,37.50%,31秒-1分,1,16.67%,,,,,,
暂无数据,暂无数据,暂无数据,1分-3分,2,33.33%,,,,,,
暂无数据,暂无数据,暂无数据,3分-10分,1,16.67%,,,,,,
暂无数据,暂无数据,暂无数据,10分-30分,1,16.67%,,,,,,
2019/8/19,,,,,,,,,,,
             使用频率                      使用时长,,,,,,,,,,,
启动次数,用户数,用户占比,时长,用户数,用户数占比,,,,,,
1-2次,1,50%,1分-3分,1,50%,,,,,,
10-19次,1,50%,30分+,1,50%,,,,,,
2019/8/20,,,,,,,,,,,
             使用频率                      使用时长,,,,,,,,,,,
启动次数,用户数,用户占比,时长,用户数,用户数占比,,,,,,
1-2次,2,50%,1秒-3秒,1,25%,,,,,,
3-5次,1,25%,31秒-1分,1,25%,,,,,,
20-49次,1,25%,1分-3分,1,25%,,,,,,
暂无数据,暂无数据,暂无数据,10分-30分,1,25%,,,,,,
2019/8/21,,,,,,,,,,,
             使用频率                      使用时长,,,,,,,,,,,
启动次数,用户数,用户占比,时长,用户数,用户数占比,,,,,,
1-2次,3,50%,11秒-30秒,1,20%,,,,,,
3-5次,1,16.67%,3分-10分,2,40%,,,,,,
10-19次,2,33.33%,10分-30分,1,20%,,,,,,
暂无数据,暂无数据,暂无数据,30分+,1,20%,,,,,,
2019/8/22,,,,,,,,,,,
             使用频率                      使用时长,,,,,,,,,,,
启动次数,用户数,用户占比,时长,用户数,用户数占比,,,,,,
1-2次,32,91.43%,31秒-1分,2,25%,,,,,,
3-5次,1,2.86%,1分-3分,3,37.50%,,,,,,
6-9次,1,2.86%,3分-10分,3,37.50%,,,,,,
10-19次,1,2.86%,暂无数据,暂无数据,暂无数据,,,,,,
2019/8/23,,,,,,,,,,,
             使用频率                      使用时长,,,,,,,,,,,
启动次数,用户数,用户占比,时长,用户数,用户数占比,,,,,,
1-2次,11,84.62%,31秒-1分,1,33.33%,,,,,,
3-5次,1,7.69%,3分-10分,2,66.67%,,,,,,
6-9次,1,7.69%,暂无数据,暂无数据,暂无数据,,,,,,
2019/8/24,,,,,,,,,,,
             使用频率                      使用时长,,,,,,,,,,,
启动次数,用户数,用户占比,时长,用户数,用户数占比,,,,,,
1-2次,3,60%,1秒-3秒,1,20%,,,,,,
3-5次,1,20%,31秒-1分,1,20%,,,,,,
6-9次,1,20%,3分-10分,3,60%,,,,,,
2019/8/25,,,,,,,,,,,
             使用频率                      使用时长,,,,,,,,,,,
启动次数,用户数,用户占比,时长,用户数,用户数占比,,,,,,
1-2次,1,100%,1分-3分,1,100%,,,,,,
2019/8/26,,,,,,,,,,,
             使用频率                      使用时长,,,,,,,,,,,
启动次数,用户数,用户占比,时长,用户数,用户数占比,,,,,,
1-2次,3,100%,1分-3分,2,100%,,,,,,
2019/8/27,,,,,,,,,,,
             使用频率                      使用时长,,,,,,,,,,,
启动次数,用户数,用户占比,时长,用户数,用户数占比,,,,,,
1-2次,3,100%,11秒-30秒,2,66.67%,,,,,,
暂无数据,暂无数据,暂无数据,1分-3分,1,33.33%,,,,,,
2019/8/28,,,,,,,,,,,
             使用频率                      使用时长,,,,,,,,,,,
启动次数,用户数,用户占比,时长,用户数,用户数占比,,,,,,
1-2次,2,66.67%,1分-3分,2,66.67%,,,,,,
6-9次,1,33.33%,10分-30分,1,33.33%,,,,,,
2019/8/29,,,,,,,,,,,
             使用频率                      使用时长,,,,,,,,,,,
启动次数,用户数,用户占比,时长,用户数,用户数占比,,,,,,
1-2次,1,66.67%,1分-3分,1,33.33%,,,,,,
3-5次,1,33.33%,10分-30分,2,66.67%,,,,,,
10-19次,1,33.33%,暂无数据,暂无数据,暂无数据,,,,,,
2019/8/30,,,,,,,,,,,
             使用频率                      使用时长,,,,,,,,,,,
启动次数,用户数,用户占比,时长,用户数,用户数占比,,,,,,
暂无数据,暂无数据,暂无数据,暂无数据,暂无数据,暂无数据,,,,,,
2019/8/31,,,,,,,,,,,
             使用频率                      使用时长,,,,,,,,,,,
启动次数,用户数,用户占比,时长,用户数,用户数占比,,,,,,
1-2次,2,100%,4秒-10秒,1,50%,,,,,,
暂无数据,暂无数据,暂无数据,31秒-1分,1,50%,,,,,,
,,,,,,,,,,,
2019/9/1,,,,,,,,,,,
             使用频率                      使用时长,,,,,,,,,,,
启动次数,用户数,用户占比,时长,用户数,用户数占比,,,,,,
1-2次,1,50%,31秒-1分,1,50%,,,,,,
3-5次,1,50%,3分-10分,1,50%,,,,,,
2019/9/2,,,,,,,,,,,
             使用频率                      使用时长,,,,,,,,,,,
启动次数,用户数,用户占比,时长,用户数,用户数占比,,,,,,
1-2次,3,100%,11秒-30秒,1,33.33%,,,,,,
暂无数据,暂无数据,暂无数据,1分-3分,1,33.33%,,,,,,
暂无数据,暂无数据,暂无数据,3分-10分,1,33.33%,,,,,,
2019/9/3,,,,,,,,,,,
             使用频率                      使用时长,,,,,,,,,,,
启动次数,用户数,用户占比,时长,用户数,用户数占比,,,,,,
暂无数据,暂无数据,暂无数据,暂无数据,暂无数据,暂无数据,,,,,,
2019/9/4,,,,,,,,,,,
             使用频率                      使用时长,,,,,,,,,,,
启动次数,用户数,用户占比,时长,用户数,用户数占比,,,,,,
暂无数据,暂无数据,暂无数据,暂无数据,暂无数据,暂无数据,,,,,,
2019/9/5,,,,,,,,,,,
             使用频率                      使用时长,,,,,,,,,,,
启动次数,用户数,用户占比,时长,用户数,用户数占比,,,,,,
1-2次,2,50%,11秒-30秒,1,33.33%,,,,,,
3-5次,2,50%,3分-10分,2,66.67%,,,,,,
2019/9/6,,,,,,,,,,,
             使用频率                      使用时长,,,,,,,,,,,
启动次数,用户数,用户占比,时长,用户数,用户数占比,,,,,,
1-2次,2,100%,1分-3分,1,100%,,,,,,
2019/9/7,,,,,,,,,,,
             使用频率                      使用时长,,,,,,,,,,,
启动次数,用户数,用户占比,时长,用户数,用户数占比,,,,,,
暂无数据,暂无数据,暂无数据,暂无数据,暂无数据,暂无数据,,,,,,
2019/9/8,,,,,,,,,,,
             使用频率                      使用时长,,,,,,,,,,,
启动次数,用户数,用户占比,时长,用户数,用户数占比,,,,,,
1-2次,1,100%,31秒-1分,1,100%,,,,,,
2019/9/9,,,,,,,,,,,
             使用频率                      使用时长,,,,,,,,,,,
启动次数,用户数,用户占比,时长,用户数,用户数占比,,,,,,
1-2次,1,100%,4秒-10秒,1,100%,,,,,,
2019/9/10,,,,,,,,,,,
             使用频率                      使用时长,,,,,,,,,,,
启动次数,用户数,用户占比,时长,用户数,用户数占比,,,,,,
1-2次,2,100%,11秒-30秒,1,50%,,,,,,
暂无数据,暂无数据,暂无数据,31秒-1分,1,50%,,,,,,
2019/9/11,,,,,,,,,,,
             使用频率                      使用时长,,,,,,,,,,,
启动次数,用户数,用户占比,时长,用户数,用户数占比,,,,,,
1-2次,1,50%,11秒-30秒,1,50%,,,,,,
3-5次,1,50%,3分-10分,1,50%,,,,,,
2019/9/12,,,,,,,,,,,
             使用频率                      使用时长,,,,,,,,,,,
启动次数,用户数,用户占比,时长,用户数,用户数占比,,,,,,
1-2次,3,100%,11秒-30秒,2,66.67%,,,,,,
暂无数据,暂无数据,暂无数据,1分-3分,1,33.33%,,,,,,
2019/9/13,,,,,,,,,,,
             使用频率                      使用时长,,,,,,,,,,,
启动次数,用户数,用户占比,时长,用户数,用户数占比,,,,,,
1-2次,2,100%,1分-3分,1,50%,,,,,,
暂无数据,暂时数据,暂无数据,3分-10分,1,50%,,,,,,
2019/9/14,,,,,,,,,,,
             使用频率                      使用时长,,,,,,,,,,,
启动次数,用户数,用户占比,时长,用户数,用户数占比,,,,,,
1-2次,1,100%,31秒-1分,1,100%,,,,,,
2019/9/15,,,,,,,,,,,
             使用频率                      使用时长,,,,,,,,,,,
启动次数,用户数,用户占比,时长,用户数,用户数占比,,,,,,
1-2次,2,100%,1分-3分,1,50%,,,,,,
暂无数据,暂无数据,暂无数据,3分-10分,1,50%,,,,,,
2019/9/16,,,,,,,,,,,
             使用频率                      使用时长,,,,,,,,,,,
启动次数,用户数,用户占比,时长,用户数,用户数占比,,,,,,
1-2次,2,66.67%,11秒-30秒,1,33.33%,,,,,,
10-19次,1,33.33%,3分-10分,1,33.33%,,,,,,
暂无数据,暂无数据,暂无数据,30分+,1,33.33%,,,,,,
2019/9/17,,,,,,,,,,,
             使用频率                      使用时长,,,,,,,,,,,
启动次数,用户数,用户占比,时长,用户数,用户数占比,,,,,,
1-2次,1,50%,1秒-3秒,1,50%,,,,,,
10-19次,1,50%,30分+,1,50%,,,,,,
2019/9/18,,,,,,,,,,,
             使用频率                      使用时长,,,,,,,,,,,
启动次数,用户数,用户占比,时长,用户数,用户数占比,,,,,,
1-2次,1,100%,10分-30分,1,100%,,,,,,
2019/9/19,,,,,,,,,,,
             使用频率                      使用时长,,,,,,,,,,,
启动次数,用户数,用户占比,时长,用户数,用户数占比,,,,,,
暂无数据,暂无数据,暂无数据,暂无数据,暂无数据,暂无数据,,,,,,
2019/9/20,,,,,,,,,,,
             使用频率                      使用时长,,,,,,,,,,,
启动次数,用户数,用户占比,时长,用户数,用户数占比,,,,,,
1-2次,1,100%,暂无数据,暂无数据,暂无数据,,,,,,
2019/9/21,,,,,,,,,,,
             使用频率                      使用时长,,,,,,,,,,,
启动次数,用户数,用户占比,时长,用户数,用户数占比,,,,,,
1-2次,2,100%,31秒-1分,1,50%,,,,,,
暂无数据,暂无数据,暂无数据,3分-10分,1,50%,,,,,,
2019/9/22,,,,,,,,,,,
             使用频率                      使用时长,,,,,,,,,,,
启动次数,用户数,用户占比,时长,用户数,用户数占比,,,,,,
3-5次,1,100%,1分-3分,1,100%,,,,,,
2019/9/23,,,,,,,,,,,
             使用频率                      使用时长,,,,,,,,,,,
启动次数,用户数,用户占比,时长,用户数,用户数占比,,,,,,
暂无数据,暂无数据,暂无数据,暂无数据,暂无数据,暂无数据,,,,,,
2019/9/24,,,,,,,,,,,
             使用频率                      使用时长,,,,,,,,,,,
启动次数,用户数,用户占比,时长,用户数,用户数占比,,,,,,
暂无数据,暂无数据,暂无数据,暂无数据,暂无数据,暂无数据,,,,,,
2019/9/25,,,,,,,,,,,
             使用频率                      使用时长,,,,,,,,,,,
启动次数,用户数,用户占比,时长,用户数,用户数占比,,,,,,
1-2次,1,100%,1秒-3秒,1,100%,,,,,,
2019/9/26,,,,,,,,,,,
             使用频率                      使用时长,,,,,,,,,,,
启动次数,用户数,用户占比,时长,用户数,用户数占比,,,,,,
1-2次,1,100%,3分-10分,1,100%,,,,,,
2019/9/27,,,,,,,,,,,
             使用频率                      使用时长,,,,,,,,,,,
启动次数,用户数,用户占比,时长,用户数,用户数占比,,,,,,
1-2次,1,100%,3分-10分,1,100%,,,,,,
2019/9/28,,,,,,,,,,,
             使用频率                      使用时长,,,,,,,,,,,
启动次数,用户数,用户占比,时长,用户数,用户数占比,,,,,,
暂无数据,暂无数据,暂无数据,暂无数据,暂无数据,暂无数据,,,,,,
2019/9/29,,,,,,,,,,,
             使用频率                      使用时长,,,,,,,,,,,
启动次数,用户数,用户占比,时长,用户数,用户数占比,,,,,,
1-2次,3,75%,1分-3分,4,100%,,,,,,
3-5次,1,25%,暂无数据,暂无数据,暂无数据,,,,,,
2019/9/30,,,,,,,,,,,
             使用频率                      使用时长,,,,,,,,,,,
启动次数,用户数,用户占比,时长,用户数,用户数占比,,,,,,
1-2次,2,100%,4秒-10秒,1,50%,,,,,,
暂无数据,暂无数据,暂无数据,1分-3分,1,50%,,,,,,
,,,,,,,,,,,
2019/10/1,,,,,,,,,,,
             使用频率                      使用时长,,,,,,,,,,,
启动次数,用户数,用户占比,时长,用户数,用户数占比,,,,,,
暂无数据,暂无数据,暂无数据,暂无数据,暂无数据,暂无数据,,,,,,
2019/10/2,,,,,,,,,,,
             使用频率                      使用时长,,,,,,,,,,,
启动次数,用户数,用户占比,时长,用户数,用户数占比,,,,,,
1-2次,1,100%,11秒-30秒,1,100%,,,,,,
2019/10/3,,,,,,,,,,,
             使用频率                      使用时长,,,,,,,,,,,
启动次数,用户数,用户占比,时长,用户数,用户数占比,,,,,,
1-2次,1,100%,3分-10分,1,100%,,,,,,
2019/10/4,,,,,,,,,,,
             使用频率                      使用时长,,,,,,,,,,,
启动次数,用户数,用户占比,时长,用户数,用户数占比,,,,,,
1-2次,1,100%,3分-10分,1,100%,,,,,,
2019/10/5,,,,,,,,,,,
             使用频率                      使用时长,,,,,,,,,,,
启动次数,用户数,用户占比,时长,用户数,用户数占比,,,,,,
1-2次,1,100%,1分-3分,1,100%,,,,,,
2019/10/6,,,,,,,,,,,
             使用频率                      使用时长,,,,,,,,,,,
启动次数,用户数,用户占比,时长,用户数,用户数占比,,,,,,
暂无数据,暂无数据,暂无数据,暂无数据,暂无数据,暂无数据,,,,,,
2019/10/7,,,,,,,,,,,
             使用频率                      使用时长,,,,,,,,,,,
启动次数,用户数,用户占比,时长,用户数,用户数占比,,,,,,
暂无数据,暂无数据,暂无数据,暂无数据,暂无数据,暂无数据,,,,,,
2019/10/8,,,,,,,,,,,
             使用频率                      使用时长,,,,,,,,,,,
启动次数,用户数,用户占比,时长,用户数,用户数占比,,,,,,
1-2次,1,100%,31秒-1分,1,100%,,,,,,
2019/10/9,,,,,,,,,,,
             使用频率                      使用时长,,,,,,,,,,,
启动次数,用户数,用户占比,时长,用户数,用户数占比,,,,,,
1-2次,1,100%,11秒-30秒,1,100%,,,,,,
2019/10/10,,,,,,,,,,,
             使用频率                      使用时长,,,,,,,,,,,
启动次数,用户数,用户占比,时长,用户数,用户数占比,,,,,,
1-2次,4,100%,11秒-30秒,1,33.33%,,,,,,
暂无数据,暂无数据,暂无数据,1分-3分,2,66.67%,,,,,,
2019/10/11,,,,,,,,,,,
             使用频率                      使用时长,,,,,,,,,,,
启动次数,用户数,用户占比,时长,用户数,用户数占比,,,,,,
暂无数据,暂无数据,暂无数据,暂无数据,暂无数据,暂无数据,,,,,,
2019/10/12,,,,,,,,,,,
             使用频率                      使用时长,,,,,,,,,,,
启动次数,用户数,用户占比,时长,用户数,用户数占比,,,,,,
1-2次,3,100%,1秒-3秒,1,33.33%,,,,,,
暂无数据,暂无数据,暂无数据,1分-3分,1,33.33%,,,,,,
暂无数据,暂无数据,暂无数据,3分-10分,1,33.33%,,,,,,
2019/10/13,,,,,,,,,,,
             使用频率                      使用时长,,,,,,,,,,,
启动次数,用户数,用户占比,时长,用户数,用户数占比,,,,,,
1-2次,1,100%,4秒-10秒,1,100%,,,,,,
2019/10/14,,,,,,,,,,,
             使用频率                      使用时长,,,,,,,,,,,
启动次数,用户数,用户占比,时长,用户数,用户数占比,,,,,,
暂无数据,暂无数据,暂无数据,暂无数据,暂无数据,暂无数据,,,,,,
2019/10/15,,,,,,,,,,,
             使用频率                      使用时长,,,,,,,,,,,
启动次数,用户数,用户占比,时长,用户数,用户数占比,,,,,,
1-2次,1,100%,30分+,1,100%,,,,,,
2019/10/16,,,,,,,,,,,
             使用频率                      使用时长,,,,,,,,,,,
启动次数,用户数,用户占比,时长,用户数,用户数占比,,,,,,
暂无数据,暂无数据,暂无数据,暂无数据,暂无数据,暂无数据,,,,,,
2019/10/17,,,,,,,,,,,
             使用频率                      使用时长,,,,,,,,,,,
启动次数,用户数,用户占比,时长,用户数,用户数占比,,,,,,
暂无数据,暂无数据,暂无数据,暂无数据,暂无数据,暂无数据,,,,,,
2019/10/18,,,,,,,,,,,
             使用频率                      使用时长,,,,,,,,,,,
启动次数,用户数,用户占比,时长,用户数,用户数占比,,,,,,
暂无数据,暂无数据,暂无数据,暂无数据,暂无数据,暂无数据,,,,,,
2019/10/19,,,,,,,,,,,
             使用频率                      使用时长,,,,,,,,,,,
启动次数,用户数,用户占比,时长,用户数,用户数占比,,,,,,
1-2次,1,100%,3分-10分,1,100%,,,,,,
2019/10/20,,,,,,,,,,,
             使用频率                      使用时长,,,,,,,,,,,
启动次数,用户数,用户占比,时长,用户数,用户数占比,,,,,,
1-2次,3,75%,1秒-3秒,1,33.33%,,,,,,
10-19次,1,25%,11秒-30秒,1,33.33%,,,,,,
暂无数据,暂无数据,暂无数据,3分-10分,1,33.33%,,,,,,
2019/10/21,,,,,,,,,,,
             使用频率                      使用时长,,,,,,,,,,,
启动次数,用户数,用户占比,时长,用户数,用户数占比,,,,,,
暂无数据,暂无数据,暂无数据,暂无数据,暂无数据,暂无数据,,,,,,
2019/10/22,,,,,,,,,,,
             使用频率                      使用时长,,,,,,,,,,,
启动次数,用户数,用户占比,时长,用户数,用户数占比,,,,,,
暂无数据,暂无数据,暂无数据,暂无数据,暂无数据,暂无数据,,,,,,
2019/10/23,,,,,,,,,,,
             使用频率                      使用时长,,,,,,,,,,,
启动次数,用户数,用户占比,时长,用户数,用户数占比,,,,,,
暂无数据,暂无数据,暂无数据,暂无数据,暂无数据,暂无数据,,,,,,
2019/10/24,,,,,,,,,,,
             使用频率                      使用时长,,,,,,,,,,,
启动次数,用户数,用户占比,时长,用户数,用户数占比,,,,,,
1-2次,3,50%,4秒-10秒,1,16.67%,,,,,,
3-5次,2,33.33%,1分-3分,2,33.33%,,,,,,
10-19次,1,16.67%,3分-10分,2,33.33%,,,,,,
暂无数据,暂无数据,暂无数据,30分+,1,16.67%,,,,,,
2019/10/25,,,,,,,,,,,
             使用频率                      使用时长,,,,,,,,,,,
启动次数,用户数,用户占比,时长,用户数,用户数占比,,,,,,
1-2次,4,100%,1分-3分,2,66.67%,,,,,,
暂无数据,暂无数据,暂无数据,3分-10分,1,33.33%,,,,,,
2019/10/26,,,,,,,,,,,
             使用频率                      使用时长,,,,,,,,,,,
启动次数,用户数,用户占比,时长,用户数,用户数占比,,,,,,
1-2次,1,100%,1分-3分,1,100%,,,,,,
2019/10/27,,,,,,,,,,,
             使用频率                      使用时长,,,,,,,,,,,
启动次数,用户数,用户占比,时长,用户数,用户数占比,,,,,,
1-2次,2,100%,31秒-1分,1,50%,,,,,,
暂无数据,暂无数据,暂无数据,3分-10分,1,50%,,,,,,
2019/10/28,,,,,,,,,,,
             使用频率                      使用时长,,,,,,,,,,,
启动次数,用户数,用户占比,时长,用户数,用户数占比,,,,,,
1-2次,2,100%,1秒-3秒,1,50%,,,,,,
暂无数据,暂无数据,暂无数据,11秒-30秒,1,50%,,,,,,
2019/10/29,,,,,,,,,,,
             使用频率                      使用时长,,,,,,,,,,,
启动次数,用户数,用户占比,时长,用户数,用户数占比,,,,,,
1-2次,3,100%,11秒-30秒,1,50%,,,,,,
暂无数据,暂无数据,暂无数据,3分-10分,1,50%,,,,,,
2019/10/30,,,,,,,,,,,
             使用频率                      使用时长,,,,,,,,,,,
启动次数,用户数,用户占比,时长,用户数,用户数占比,,,,,,
暂无数据,暂无数据,暂无数据,暂无数据,暂无数据,暂无数据,,,,,,
2019/10/31,,,,,,,,,,,
             使用频率                      使用时长,,,,,,,,,,,
启动次数,用户数,用户占比,时长,用户数,用户数占比,,,,,,
1-2次,2,100%,31秒-1分,2,100%,,,,,,
,,,,,,,,,,,
2019/11/1,,,,,,,,,,,
             使用频率                      使用时长,,,,,,,,,,,
启动次数,用户数,用户占比,时长,用户数,用户数占比,,,,,,
1-2次,12,54.55%,4秒-10秒,1,100%,,,,,,
3-5次,6,27.27%,暂无数据,暂无数据,暂无数据,,,,,,
6-9次,2,9.09%,暂无数据,暂无数据,暂无数据,,,,,,
10-19次,2,9.09%,暂无数据,暂无数据,暂无数据,,,,,,
2019/11/2,,,,,,,,,,,
           使用频率                      使用时长,,,,,,,,,,,
启动次数,用户数,用户占比,时长,用户数,用户数占比,,,,,,
1-2次,12,54.55%,4秒-10秒,2,100%,,,,,,
3-5次,6,27.27%,暂无数据,暂无数据,暂无数据,,,,,,
6-9次,2,9.09%,暂无数据,暂无数据,暂无数据,,,,,,
10-19次,2,9.09%,暂无数据,暂无数据,暂无数据,,,,,,
2019/11/3,,,,,,,,,,,
           使用频率                      使用时长,,,,,,,,,,,
启动次数,用户数,用户占比,时长,用户数,用户数占比,,,,,,
1-2次,12,54.55%,暂无数据,暂无数据,暂无数据,,,,,,
3-5次,6,27.27%,暂无数据,暂无数据,暂无数据,,,,,,
6-9次,2,9.09%,暂无数据,暂无数据,暂无数据,,,,,,
10-19次,2,9.09%,暂无数据,暂无数据,暂无数据,,,,,,
2019/11/4,,,,,,,,,,,
           使用频率                      使用时长,,,,,,,,,,,
启动次数,用户数,用户占比,时长,用户数,用户数占比,,,,,,
1-2次,12,54.55%,暂无数据,暂无数据,暂无数据,,,,,,
3-5次,6,27.27%,,,,,,,,,
6-9次,2,9.09%,,,,,,,,,
10-19次,2,9.09%,,,,,,,,,
2019/11/5,,,,,,,,,,,
           使用频率                      使用时长,,,,,,,,,,,
启动次数,用户数,用户占比,时长,用户数,用户数占比,,,,,,
1-2次,12,54.55%,暂无数据,暂无数据,暂无数据,,,,,,
3-5次,6,27.27%,,,,,,,,,
6-9次,2,9.09%,,,,,,,,,
10-19次,2,9.09%,,,,,,,,,
2019/11/6,,,,,,,,,,,
           使用频率                      使用时长,,,,,,,,,,,
启动次数,用户数,用户占比,时长,用户数,用户数占比,,,,,,
1-2次,12,54.55%,1秒-3秒,1,100%,,,,,,
3-5次,6,27.27%,,,,,,,,,
6-9次,2,9.09%,,,,,,,,,
10-19次,2,9.09%,,,,,,,,,
2019/11/7,,,,,,,,,,,
           使用频率                      使用时长,,,,,,,,,,,
启动次数,用户数,用户占比,时长,用户数,用户数占比,,,,,,
1-2次,12,54.55%,31秒-1分,1,33.33%,,,,,,
3-5次,6,27.27%,1分-3分,1,33.33%,,,,,,
6-9次,2,9.09%,30分+,1,33.33%,,,,,,
10-19次,2,9.09%,,,,,,,,,
2019/11/8,,,,,,,,,,,
           使用频率                      使用时长,,,,,,,,,,,
启动次数,用户数,用户占比,时长,用户数,用户数占比,,,,,,
1-2次,12,54.55%,30分+,1,100%,,,,,,
3-5次,6,27.27%,,,,,,,,,
6-9次,2,9.09%,,,,,,,,,
10-19次,2,9.09%,,,,,,,,,
2019/11/9,,,,,,,,,,,
           使用频率                      使用时长,,,,,,,,,,,
启动次数,用户数,用户占比,时长,用户数,用户数占比,,,,,,
1-2次,12,54.55%,暂无数据,暂无数据,暂无数据,,,,,,
3-5次,6,27.27%,,,,,,,,,
6-9次,2,9.09%,,,,,,,,,
10-19次,2,9.09%,,,,,,,,,
2019/11/10,,,,,,,,,,,
           使用频率                      使用时长,,,,,,,,,,,
启动次数,用户数,用户占比,时长,用户数,用户数占比,,,,,,
1-2次,12,54.55%,11秒-30秒,1,100%,,,,,,
3-5次,6,27.27%,,,,,,,,,
6-9次,2,9.09%,,,,,,,,,
10-19次,2,9.09%,,,,,,,,,
2019/11/11,,,,,,,,,,,
           使用频率                      使用时长,,,,,,,,,,,
启动次数,用户数,用户占比,时长,用户数,用户数占比,,,,,,
1-2次,12,54.55%,10分-30分,1,100%,,,,,,
3-5次,6,27.27%,,,,,,,,,
6-9次,2,9.09%,,,,,,,,,
10-19次,2,9.09%,,,,,,,,,
2019/11/12,,,,,,,,,,,
           使用频率                      使用时长,,,,,,,,,,,
启动次数,用户数,用户占比,时长,用户数,用户数占比,,,,,,
1-2次,12,54.55%,1秒-3秒,1,100%,,,,,,
3-5次,6,27.27%,,,,,,,,,
6-9次,2,9.09%,,,,,,,,,
10-19次,2,9.09%,,,,,,,,,
2019/11/13,,,,,,,,,,,
           使用频率                      使用时长,,,,,,,,,,,
启动次数,用户数,用户占比,时长,用户数,用户数占比,,,,,,
1-2次,12,54.55%,11秒-30秒,1,100%,,,,,,
3-5次,6,27.27%,,,,,,,,,
6-9次,2,9.09%,,,,,,,,,
10-19次,2,9.09%,,,,,,,,,
2019/11/14,,,,,,,,,,,
           使用频率                      使用时长,,,,,,,,,,,
启动次数,用户数,用户占比,时长,用户数,用户数占比,,,,,,
1-2次,12,54.55%,暂无数据,暂无数据,暂无数据,,,,,,
3-5次,6,27.27%,,,,,,,,,
6-9次,2,9.09%,,,,,,,,,
10-19次,2,9.09%,,,,,,,,,
2019/11/15,,,,,,,,,,,
           使用频率                      使用时长,,,,,,,,,,,
启动次数,用户数,用户占比,时长,用户数,用户数占比,,,,,,
1-2次,12,54.55%,1分-3分,1,100%,,,,,,
3-5次,6,27.27%,,,,,,,,,
6-9次,2,9.09%,,,,,,,,,
10-19次,2,9.09%,,,,,,,,,
2019/11/16,,,,,,,,,,,
           使用频率                      使用时长,,,,,,,,,,,
启动次数,用户数,用户占比,时长,用户数,用户数占比,,,,,,
1-2次,12,54.55%,暂无数据,暂无数据,暂无数据,,,,,,
3-5次,6,27.27%,,,,,,,,,
6-9次,2,9.09%,,,,,,,,,
10-19次,2,9.09%,,,,,,,,,
2019/11/17,,,,,,,,,,,
           使用频率                      使用时长,,,,,,,,,,,
启动次数,用户数,用户占比,时长,用户数,用户数占比,,,,,,
1-2次,12,54.55%,31秒-1分,1,50%,,,,,,
3-5次,6,27.27%,3分-10分,1,50%,,,,,,
6-9次,2,9.09%,,,,,,,,,
10-19次,2,9.09%,,,,,,,,,
2019/11/18,,,,,,,,,,,
           使用频率                      使用时长,,,,,,,,,,,
启动次数,用户数,用户占比,时长,用户数,用户数占比,,,,,,
1-2次,12,54.55%,暂无数据,暂无数据,暂无数据,,,,,,
3-5次,6,27.27%,,,,,,,,,
6-9次,2,9.09%,,,,,,,,,
10-19次,2,9.09%,,,,,,,,,
2019/11/19,,,,,,,,,,,
           使用频率                      使用时长,,,,,,,,,,,
启动次数,用户数,用户占比,时长,用户数,用户数占比,,,,,,
1-2次,12,54.55%,暂无数据,暂无数据,暂无数据,,,,,,
3-5次,6,27.27%,,,,,,,,,
6-9次,2,9.09%,,,,,,,,,
10-19次,2,9.09%,,,,,,,,,
2019/11/20,,,,,,,,,,,
           使用频率                      使用时长,,,,,,,,,,,
启动次数,用户数,用户占比,时长,用户数,用户数占比,,,,,,
1-2次,12,54.55%,4秒-10秒,1,100%,,,,,,
3-5次,6,27.27%,,,,,,,,,
6-9次,2,9.09%,,,,,,,,,
10-19次,2,9.09%,,,,,,,,,
2019/11/21,,,,,,,,,,,
           使用频率                      使用时长,,,,,,,,,,,
启动次数,用户数,用户占比,时长,用户数,用户数占比,,,,,,
1-2次,12,54.55%,1分-3分,1,100%,,,,,,
3-5次,6,27.27%,,,,,,,,,
6-9次,2,9.09%,,,,,,,,,
10-19次,2,9.09%,,,,,,,,,
2019/11/22,,,,,,,,,,,
           使用频率                      使用时长,,,,,,,,,,,
启动次数,用户数,用户占比,时长,用户数,用户数占比,,,,,,
1-2次,12,54.55%,暂无数据,暂无数据,暂无数据,,,,,,
3-5次,6,27.27%,,,,,,,,,
6-9次,2,9.09%,,,,,,,,,
10-19次,2,9.09%,,,,,,,,,
2019/11/23,,,,,,,,,,,
           使用频率                      使用时长,,,,,,,,,,,
启动次数,用户数,用户占比,时长,用户数,用户数占比,,,,,,
1-2次,12,54.55%,暂无数据,暂无数据,暂无数据,,,,,,
3-5次,6,27.27%,,,,,,,,,
6-9次,2,9.09%,,,,,,,,,
10-19次,2,9.09%,,,,,,,,,
2019/11/24,,,,,,,,,,,
           使用频率                      使用时长,,,,,,,,,,,
启动次数,用户数,用户占比,时长,用户数,用户数占比,,,,,,
1-2次,12,54.55%,31秒-1分,1,50%,,,,,,
3-5次,6,27.27%,1分-3分,1,50%,,,,,,
6-9次,2,9.09%,,,,,,,,,
10-19次,2,9.09%,,,,,,,,,
2019/11/25,,,,,,,,,,,
           使用频率                      使用时长,,,,,,,,,,,
启动次数,用户数,用户占比,时长,用户数,用户数占比,,,,,,
1-2次,12,54.55%,1分-3分,1,100%,,,,,,
3-5次,6,27.27%,,,,,,,,,
6-9次,2,9.09%,,,,,,,,,
10-19次,2,9.09%,,,,,,,,,
2019/11/26,,,,,,,,,,,
           使用频率                      使用时长,,,,,,,,,,,
启动次数,用户数,用户占比,时长,用户数,用户数占比,,,,,,
1-2次,12,54.55%,暂无数据,暂无数据,暂无数据,,,,,,
3-5次,6,27.27%,,,,,,,,,
6-9次,2,9.09%,,,,,,,,,
10-19次,2,9.09%,,,,,,,,,
2019/11/27,,,,,,,,,,,
           使用频率                      使用时长,,,,,,,,,,,
启动次数,用户数,用户占比,时长,用户数,用户数占比,,,,,,
1-2次,12,54.55%,暂无数据,暂无数据,暂无数据,,,,,,
3-5次,6,27.27%,,,,,,,,,
6-9次,2,9.09%,,,,,,,,,
10-19次,2,9.09%,,,,,,,,,
2019/11/28,,,,,,,,,,,
           使用频率                      使用时长,,,,,,,,,,,
启动次数,用户数,用户占比,时长,用户数,用户数占比,,,,,,
1-2次,12,54.55%,1秒-3秒,3,25%,,,,,,
3-5次,6,27.27%,4秒-10秒,2,16.67%,,,,,,
6-9次,2,9.09%,11秒-30秒,5,41.67%,,,,,,
10-19次,2,9.09%,31秒-1分,1,8.33%,,,,,,
20-29次,0,0.00%,1分-3分,1,8.33%,,,,,,
2019/11/29,,,,,,,,,,,
           使用频率                      使用时长,,,,,,,,,,,
启动次数,用户数,用户占比,时长,用户数,用户数占比,,,,,,
1-2次,12,54.55%,1秒-3秒,1,14.29%,,,,,,
3-5次,6,27.27%,4秒-10秒,1,14.29%,,,,,,
6-9次,2,9.09%,11秒-30秒,3,42.86%,,,,,,
10-19次,2,9.09%,31秒-1分,2,28.57%,,,,,,
2019/11/30,,,,,,,,,,,
           使用频率                      使用时长,,,,,,,,,,,
启动次数,用户数,用户占比,时长,用户数,用户数占比,,,,,,
1-2次,12,54.55%,4秒-10秒,2,15.38%,,,,,,
3-5次,6,27.27%,11秒-30秒,3,23.08%,,,,,,
6-9次,2,9.09%,31秒-1分,5,38.48%,,,,,,
10-19次,2,9.09%,1分-3分,2,15.38%,,,,,,
20-29次,0,0.00%,3分-10分,1,7.69%,,,,,,
,,,,,,,,,,,
2019/12/1,,,,,,,,,,,
           使用频率                      使用时长,,,,,,,,,,,
启动次数,用户数,用户占比,时长,用户数,用户数占比,,,,,,
1-2次,26,50%,1秒-3秒,2,28.57%,,,,,,
3-5次,21,40.38%,11秒-30秒,1,14.29%,,,,,,
6-9次,4,7.69%,31秒-1分,2,28.57%,,,,,,
10-19次,1,1.92%,3分-10分,2,28.57%,,,,,,
2019/12/2,,,,,,,,,,,
           使用频率                      使用时长,,,,,,,,,,,
启动次数,用户数,用户占比,时长,用户数,用户数占比,,,,,,
1-2次,26,50%,4秒-10秒,1,16.67%,,,,,,
3-5次,21,40.38%,11秒-30秒,3,50%,,,,,,
6-9次,4,7.69%,31秒-1分,1,16.67%,,,,,,
10-19次,1,1.92%,1分-3分,1,16.67%,,,,,,
2019/12/3,,,,,,,,,,,
           使用频率                      使用时长,,,,,,,,,,,
启动次数,用户数,用户占比,时长,用户数,用户数占比,,,,,,
1-2次,26,50%,1秒-3秒,2,28.57%,,,,,,
3-5次,21,40.38%,4秒-10秒,1,14.29%,,,,,,
6-9次,4,7.69%,11秒-30秒,2,28.57%,,,,,,
10-19次,1,1.92%,31秒-1分,1,14.29%,,,,,,
,,,3分-10分,1,14.29%,,,,,,
2019/12/4,,,,,,,,,,,
           使用频率                      使用时长,,,,,,,,,,,
启动次数,用户数,用户占比,时长,用户数,用户数占比,,,,,,
1-2次,26,50%,4秒-10秒,2,6.67%,,,,,,
3-5次,21,40.38%,31秒-1分,2,6.67%,,,,,,
6-9次,4,7.69%,1分-3分,6,20%,,,,,,
10-19次,1,1.92%,3分-10分,11,36.67%,,,,,,
,,,10分-30分,9,30%,,,,,,
2019/12/5,,,,,,,,,,,
           使用频率                      使用时长,,,,,,,,,,,
启动次数,用户数,用户占比,时长,用户数,用户数占比,,,,,,
1-2次,26,50%,1秒-3秒,1,4.55%,,,,,,
3-5次,21,40.38%,11秒-30秒,1,4.55%,,,,,,
6-9次,4,7.69%,31秒-1分,1,4.55%,,,,,,
10-19次,1,1.92%,1分-3分,7,31.82%,,,,,,
,,,3分-10分,11,50%,,,,,,
 ,,,10分-30分,1,4.55%,,,,,,
2019/12/6,,,,,,,,,,,
           使用频率                      使用时长,,,,,,,,,,,
启动次数,用户数,用户占比,时长,用户数,用户数占比,,,,,,
1-2次,26,50%,31秒-1分,3,16.67%,,,,,,
3-5次,21,40.38%,1分-3分,7,38.89%,,,,,,
6-9次,4,7.69%,3分-10分,8,44.44%,,,,,,
10-19次,1,1.92%,,,,,,,,,
2019/12/7,,,,,,,,,,,
           使用频率                      使用时长,,,,,,,,,,,
启动次数,用户数,用户占比,时长,用户数,用户数占比,,,,,,
1-2次,26,50%,11秒-30秒,3,18.75%,,,,,,
3-5次,21,40.38%,31秒-1分,2,12.50%,,,,,,
6-9次,4,7.69%,1分-3分,6,37.50%,,,,,,
10-19次,1,1.92%,3分-10分,5,31.25%,,,,,,
2019/12/8,,,,,,,,,,,
           使用频率                      使用时长,,,,,,,,,,,
启动次数,用户数,用户占比,时长,用户数,用户数占比,,,,,,
1-2次,26,50%,1秒-3秒,2,11.11%,,,,,,
3-5次,21,40.38%,11秒-30秒,2,11.11%,,,,,,
6-9次,4,7.69%,31秒-1分,3,16.67%,,,,,,
10-19次,1,1.92%,1分-3分,7,38.89%,,,,,,
,,,3分-10分,3,16.67%,,,,,,
 ,,,10分-30分,1,5.56%,,,,,,
2019/12/9,,,,,,,,,,,
           使用频率                      使用时长,,,,,,,,,,,
启动次数,用户数,用户占比,时长,用户数,用户数占比,,,,,,
1-2次,26,50%,4秒-10秒,1,4.76%,,,,,,
3-5次,21,40.38%,11秒-30秒,1,4.76%,,,,,,
6-9次,4,7.69%,31秒-1分,6,28.57%,,,,,,
10-19次,1,1.92%,1分-3分,7,33.33%,,,,,,
,,,3分-10分,6,28.57%,,,,,,
2019/12/10,,,,,,,,,,,
           使用频率                      使用时长,,,,,,,,,,,
启动次数,用户数,用户占比,时长,用户数,用户数占比,,,,,,
1-2次,26,50%,1秒-3秒,2,15.38%,,,,,,
3-5次,21,40.38%,4秒-10秒,1,7.69%,,,,,,
6-9次,4,7.69%,31秒-1分,4,30.77%,,,,,,
10-19次,1,1.92%,1分-3分,4,30.77%,,,,,,
,,,3分-10分,2,15.38%,,,,,,
2019/12/11,,,,,,,,,,,
           使用频率                      使用时长,,,,,,,,,,,
启动次数,用户数,用户占比,时长,用户数,用户数占比,,,,,,
1-2次,26,50%,1秒-3秒,1,5.56%,,,,,,
3-5次,21,40.38%,11秒-30秒,4,22.22%,,,,,,
6-9次,4,7.69%,31秒-1分,2,11.11%,,,,,,
10-19次,1,1.92%,1分-3分,10,55.56%,,,,,,
,,,3分-10分,1,5.56%,,,,,,
2019/12/12,,,,,,,,,,,
           使用频率                      使用时长,,,,,,,,,,,
启动次数,用户数,用户占比,时长,用户数,用户数占比,,,,,,
1-2次,26,50%,11秒-30秒,2,18.18%,,,,,,
3-5次,21,40.38%,31秒-1分,6,54.55%,,,,,,
6-9次,4,7.69%,1分-3分,3,27.27%,,,,,,
10-19次,1,1.92%,,,,,,,,,
2019/12/13,,,,,,,,,,,
           使用频率                      使用时长,,,,,,,,,,,
启动次数,用户数,用户占比,时长,用户数,用户数占比,,,,,,
1-2次,26,50%,11秒-30秒,3,27.27%,,,,,,
3-5次,21,40.38%,31秒-1分,3,27.27%,,,,,,
6-9次,4,7.69%,1分-3分,5,45.45%,,,,,,
10-19次,1,1.92%,,,,,,,,,
2019/12/14,,,,,,,,,,,
           使用频率                      使用时长,,,,,,,,,,,
启动次数,用户数,用户占比,时长,用户数,用户数占比,,,,,,
1-2次,26,50%,11秒-30秒,3,30%,,,,,,
3-5次,21,40.38%,1分-3分,6,60%,,,,,,
6-9次,4,7.69%,3分-10分,1,10%,,,,,,
10-19次,1,1.92%,,,,,,,,,
2019/12/15,,,,,,,,,,,
           使用频率                      使用时长,,,,,,,,,,,
启动次数,用户数,用户占比,时长,用户数,用户数占比,,,,,,
1-2次,26,50%,1秒-3秒,1,7.69%,,,,,,
3-5次,21,40.38%,4秒-10秒,1,7.69%,,,,,,
6-9次,4,7.69%,11秒-30秒,5,38.46%,,,,,,
10-19次,1,1.92%,31秒-1分,1,7.69%,,,,,,
,,,1分-3分,4,30.77%,,,,,,
 ,,,3分-10分,1,7.69%,,,,,,
2019/12/16,,,,,,,,,,,
           使用频率                      使用时长,,,,,,,,,,,
启动次数,用户数,用户占比,时长,用户数,用户数占比,,,,,,
1-2次,26,50%,11秒-30秒,2,25%,,,,,,
3-5次,21,40.38%,31秒-1分,1,12.50%,,,,,,
6-9次,4,7.69%,1分-3分,4,50%,,,,,,
10-19次,1,1.92%,3分-10分,1,12.50%,,,,,,
2019/12/17,,,,,,,,,,,
           使用频率                      使用时长,,,,,,,,,,,
启动次数,用户数,用户占比,时长,用户数,用户数占比,,,,,,
1-2次,26,50%,4秒-10秒,1,10%,,,,,,
3-5次,21,40.38%,11秒-30秒,2,20%,,,,,,
6-9次,4,7.69%,31秒-1分,3,30%,,,,,,
10-19次,1,1.92%,1分-3分,4,40%,,,,,,
2019/12/18,,,,,,,,,,,
           使用频率                      使用时长,,,,,,,,,,,
启动次数,用户数,用户占比,时长,用户数,用户数占比,,,,,,
1-2次,26,50%,11秒-30秒,2,33.33%,,,,,,
3-5次,21,40.38%,31秒-1分,3,50%,,,,,,
6-9次,4,7.69%,1分-3分,1,16.67%,,,,,,
10-19次,1,1.92%,,,,,,,,,
2019/12/19,,,,,,,,,,,
           使用频率                      使用时长,,,,,,,,,,,
启动次数,用户数,用户占比,时长,用户数,用户数占比,,,,,,
1-2次,26,50%,4秒-10秒,2,25%,,,,,,
3-5次,21,40.38%,11秒-30秒,2,25%,,,,,,
6-9次,4,7.69%,31秒-1分,1,12.50%,,,,,,
10-19次,1,1.92%,1分-3分,3,37.50%,,,,,,
2019/12/20,,,,,,,,,,,
           使用频率                      使用时长,,,,,,,,,,,
启动次数,用户数,用户占比,时长,用户数,用户数占比,,,,,,
1-2次,26,50%,4秒-10秒,1,8.33%,,,,,,
3-5次,21,40.38%,11秒-30秒,4,33.33%,,,,,,
6-9次,4,7.69%,31秒-1分,1,8.33%,,,,,,
10-19次,1,1.92%,1分-3分,4,33.33%,,,,,,
,,,3分-10分,1,8.33%,,,,,,
 ,,,10分-30分,1,8.33%,,,,,,
2019/12/21,,,,,,,,,,,
           使用频率                      使用时长,,,,,,,,,,,
启动次数,用户数,用户占比,时长,用户数,用户数占比,,,,,,
1-2次,26,50%,4秒-10秒,1,10%,,,,,,
3-5次,21,40.38%,11秒-30秒,4,40%,,,,,,
6-9次,4,7.69%,31秒-1分,3,30%,,,,,,
10-19次,1,1.92%,1分-3分,2,20%,,,,,,
2019/12/22,,,,,,,,,,,
           使用频率                      使用时长,,,,,,,,,,,
启动次数,用户数,用户占比,时长,用户数,用户数占比,,,,,,
1-2次,26,50%,11秒-30秒,2,20%,,,,,,
3-5次,21,40.38%,1分-3分,7,70%,,,,,,
6-9次,4,7.69%,3分-10分,1,10%,,,,,,
10-19次,1,1.92%,,,,,,,,,
2019/12/23,,,,,,,,,,,
           使用频率                      使用时长,,,,,,,,,,,
启动次数,用户数,用户占比,时长,用户数,用户数占比,,,,,,
1-2次,26,50%,1秒-3秒,1,7.69%,,,,,,
3-5次,21,40.38%,4秒-10秒,1,7.69%,,,,,,
6-9次,4,7.69%,11秒-30秒,3,23.08%,,,,,,
10-19次,1,1.92%,31秒-1分,3,23.08%,,,,,,
,,,1分-3分,4,30.77%,,,,,,
 ,,,3分-10分,1,7.69%,,,,,,
2019/12/24,,,,,,,,,,,
           使用频率                      使用时长,,,,,,,,,,,
启动次数,用户数,用户占比,时长,用户数,用户数占比,,,,,,
1-2次,26,50%,1秒-3秒,2,20%,,,,,,
3-5次,21,40.38%,11秒-30秒,3,30%,,,,,,
6-9次,4,7.69%,31秒-1分,3,30%,,,,,,
10-19次,1,1.92%,1分-3分,2,20%,,,,,,
2019/12/25,,,,,,,,,,,
           使用频率                      使用时长,,,,,,,,,,,
启动次数,用户数,用户占比,时长,用户数,用户数占比,,,,,,
1-2次,26,50%,11秒-30秒,3,42.86%,,,,,,
3-5次,21,40.38%,31秒-1分,2,28.57%,,,,,,
6-9次,4,7.69%,1分-3分,2,28.57%,,,,,,
10-19次,1,1.92%,,,,,,,,,
2019/12/26,,,,,,,,,,,
           使用频率                      使用时长,,,,,,,,,,,
启动次数,用户数,用户占比,时长,用户数,用户数占比,,,,,,
1-2次,26,50%,11秒-30秒,2,18.18%,,,,,,
3-5次,21,40.38%,31秒-1分,2,18.18%,,,,,,
6-9次,4,7.69%,1分-3分,6,54.55%,,,,,,
10-19次,1,1.92%,3分-10分,1,9.09%,,,,,,
2019/12/27,,,,,,,,,,,
           使用频率                      使用时长,,,,,,,,,,,
启动次数,用户数,用户占比,时长,用户数,用户数占比,,,,,,
1-2次,26,50%,11秒-30秒,5,55.56%,,,,,,
3-5次,21,40.38%,31秒-1分,1,11.11%,,,,,,
6-9次,4,7.69%,1分-3分,3,33.33%,,,,,,
10-19次,1,1.92%,,,,,,,,,
2019/12/28,,,,,,,,,,,
           使用频率                      使用时长,,,,,,,,,,,
启动次数,用户数,用户占比,时长,用户数,用户数占比,,,,,,
1-2次,26,50%,11秒-30秒,2,20%,,,,,,
3-5次,21,40.38%,31秒-1分,2,20%,,,,,,
6-9次,4,7.69%,1分-3分,5,50%,,,,,,
10-19次,1,1.92%,3分-10分,1,10%,,,,,,
2019/12/29,,,,,,,,,,,
           使用频率                      使用时长,,,,,,,,,,,
启动次数,用户数,用户占比,时长,用户数,用户数占比,,,,,,
1-2次,26,50%,11秒-30秒,1,11.11%,,,,,,
3-5次,21,40.38%,31秒-1分,3,33.33%,,,,,,
6-9次,4,7.69%,1分-3分,4,44.44%,,,,,,
10-19次,1,1.92%,10分-30分,1,11.11%,,,,,,
2019/12/30,,,,,,,,,,,
           使用频率                      使用时长,,,,,,,,,,,
启动次数,用户数,用户占比,时长,用户数,用户数占比,,,,,,
1-2次,26,50%,4秒-10秒,1,14.29%,,,,,,
3-5次,21,40.38%,11秒-30秒,1,14.29%,,,,,,
6-9次,4,7.69%,1分-3分,5,71.43%,,,,,,
10-19次,1,1.92%,,,,,,,,,
2019/12/31,,,,,,,,,,,
           使用频率                      使用时长,,,,,,,,,,,
启动次数,用户数,用户占比,时长,用户数,用户数占比,,,,,,
1-2次,26,50%,4秒-10秒,1,12.50%,,,,,,
3-5次,21,40.38%,11秒-30秒,1,12.50%,,,,,,
6-9次,4,7.69%,31秒-1分,2,25%,,,,,,
10-19次,1,1.92%,1分-3分,2,25%,,,,,,
,,,3分-10分,2,25%,,,,,,
,,,,,,,,,,,
2020/1/1,,,,,,,,,,,
           使用频率                      使用时长,,,,,,,,,,,
启动次数,用户数,用户占比,时长,用户数,用户数占比,,,,,,
1-2次,14,27.45%,11秒-30秒,2,28.57%,,,,,,
3-5次,8,15.69%,31秒-1分,2,28.57%,,,,,,
6-9次,9,17.65%,1分-3分,3,42.86%,,,,,,
10-19次,7,13.73%,,,,,,,,,
20-49次,11,21.57%,,,,,,,,,
50-99次,2,3.92%,,,,,,,,,
2020/1/2,,,,,,,,,,,
           使用频率                      使用时长,,,,,,,,,,,
启动次数,用户数,用户占比,时长,用户数,用户数占比,,,,,,
1-2次,14,27.45%,1秒-3秒,1,10%,,,,,,
3-5次,8,15.69%,4秒-10秒,1,10%,,,,,,
6-9次,9,17.65%,11秒-30秒,2,20%,,,,,,
10-19次,7,13.73%,1分-3分,4,40%,,,,,,
20-49次,11,21.57%,3分-10分,2,20%,,,,,,
50-99次,2,3.92%,,,,,,,,,
2020/1/3,,,,,,,,,,,
           使用频率                      使用时长,,,,,,,,,,,
启动次数,用户数,用户占比,时长,用户数,用户数占比,,,,,,
1-2次,14,27.45%,11秒-30秒,4,44.44%,,,,,,
3-5次,8,15.69%,31秒-1分,1,11.11%,,,,,,
6-9次,9,17.65%,1分-3分,2,22.22%,,,,,,
10-19次,7,13.73%,3分-10分,1,11.11%,,,,,,
20-49次,11,21.57%,10分-30分,1,11.11%,,,,,,
50-99次,2,3.92%,,,,,,,,,
2020/1/4,,,,,,,,,,,
           使用频率                      使用时长,,,,,,,,,,,
启动次数,用户数,用户占比,时长,用户数,用户数占比,,,,,,
1-2次,14,27.45%,4秒-10秒,1,10%,,,,,,
3-5次,8,15.69%,11秒-30秒,2,20%,,,,,,
6-9次,9,17.65%,31秒-1分,3,30%,,,,,,
10-19次,7,13.73%,1分-3分,4,40%,,,,,,
20-49次,11,21.57%,,,,,,,,,
50-99次,2,3.92%,,,,,,,,,
2020/1/5,,,,,,,,,,,
           使用频率                      使用时长,,,,,,,,,,,
启动次数,用户数,用户占比,时长,用户数,用户数占比,,,,,,
1-2次,14,27.45%,11秒-30秒,3,33.33%,,,,,,
3-5次,8,15.69%,31秒-1分,3,33.33%,,,,,,
6-9次,9,17.65%,1分-3分,1,11.11%,,,,,,
10-19次,7,13.73%,3分-10分,2,22.22%,,,,,,
20-49次,11,21.57%,,,,,,,,,
50-99次,2,3.92%,,,,,,,,,
2020/1/6,,,,,,,,,,,
           使用频率                      使用时长,,,,,,,,,,,
启动次数,用户数,用户占比,时长,用户数,用户数占比,,,,,,
1-2次,14,27.45%,4秒-10秒,2,25%,,,,,,
3-5次,8,15.69%,31秒-1分,4,50%,,,,,,
6-9次,9,17.65%,3分-10分,2,25%,,,,,,
10-19次,7,13.73%,,,,,,,,,
20-49次,11,21.57%,,,,,,,,,
50-99次,2,3.92%,,,,,,,,,
2020/1/7,,,,,,,,,,,
           使用频率                      使用时长,,,,,,,,,,,
启动次数,用户数,用户占比,时长,用户数,用户数占比,,,,,,
1-2次,14,27.45%,4秒-10秒,2,33.33%,,,,,,
3-5次,8,15.69%,1分-3分,3,50%,,,,,,
6-9次,9,17.65%,3分-10分,1,16.67%,,,,,,
10-19次,7,13.73%,,,,,,,,,
20-49次,11,21.57%,,,,,,,,,
50-99次,2,3.92%,,,,,,,,,
2020/1/8,,,,,,,,,,,
           使用频率                      使用时长,,,,,,,,,,,
启动次数,用户数,用户占比,时长,用户数,用户数占比,,,,,,
1-2次,14,27.45%,1秒-3秒,1,16.67%,,,,,,
3-5次,8,15.69%,4秒-10秒,1,16.67%,,,,,,
6-9次,9,17.65%,11秒-30秒,1,16.67%,,,,,,
10-19次,7,13.73%,31秒-1分,1,16.67%,,,,,,
20-49次,11,21.57%,1分-3分,2,33.33%,,,,,,
50-99次,2,3.92%,,,,,,,,,
2020/1/9,,,,,,,,,,,
           使用频率                      使用时长,,,,,,,,,,,
启动次数,用户数,用户占比,时长,用户数,用户数占比,,,,,,
1-2次,14,27.45%,4秒-10秒,1,20%,,,,,,
3-5次,8,15.69%,11秒-30秒,2,40%,,,,,,
6-9次,9,17.65%,31秒-1分,1,20%,,,,,,
10-19次,7,13.73%,3分-10分,1,20%,,,,,,
20-49次,11,21.57%,,,,,,,,,
50-99次,2,3.92%,,,,,,,,,
2020/1/10,,,,,,,,,,,
           使用频率                      使用时长,,,,,,,,,,,
启动次数,用户数,用户占比,时长,用户数,用户数占比,,,,,,
1-2次,14,27.45%,4秒-10秒,1,25%,,,,,,
3-5次,8,15.69%,11秒-30秒,1,25%,,,,,,
6-9次,9,17.65%,1分-3分,2,50%,,,,,,
10-19次,7,13.73%,,,,,,,,,
20-49次,11,21.57%,,,,,,,,,
50-99次,2,3.92%,,,,,,,,,
2020/1/11,,,,,,,,,,,
           使用频率                      使用时长,,,,,,,,,,,
启动次数,用户数,用户占比,时长,用户数,用户数占比,,,,,,
1-2次,14,27.45%,4秒-10秒,1,16.67%,,,,,,
3-5次,8,15.69%,11秒-30秒,3,50%,,,,,,
6-9次,9,17.65%,31秒-1分,1,16.67%,,,,,,
10-19次,7,13.73%,3分-10分,1,16.67%,,,,,,
20-49次,11,21.57%,,,,,,,,,
50-99次,2,3.92%,,,,,,,,,
2020/1/12,,,,,,,,,,,
           使用频率                      使用时长,,,,,,,,,,,
启动次数,用户数,用户占比,时长,用户数,用户数占比,,,,,,
1-2次,14,27.45%,1秒-3秒,1,14.29%,,,,,,
3-5次,8,15.69%,4秒-10秒,2,28.57%,,,,,,
6-9次,9,17.65%,11秒-30秒,1,14.29%,,,,,,
10-19次,7,13.73%,31秒-1分,1,14.29%,,,,,,
20-49次,11,21.57%,1分-3分,2,28.57%,,,,,,
50-99次,2,3.92%,,,,,,,,,
2020/1/13,,,,,,,,,,,
           使用频率                      使用时长,,,,,,,,,,,
启动次数,用户数,用户占比,时长,用户数,用户数占比,,,,,,
1-2次,14,27.45%,4秒-10秒,1,14.29%,,,,,,
3-5次,8,15.69%,11秒-30秒,3,42.86%,,,,,,
6-9次,9,17.65%,31秒-1分,1,14.29%,,,,,,
10-19次,7,13.73%,1分-3分,2,28.57%,,,,,,
20-49次,11,21.57%,,,,,,,,,
50-99次,2,3.92%,,,,,,,,,
2020/1/14,,,,,,,,,,,
           使用频率                      使用时长,,,,,,,,,,,
启动次数,用户数,用户占比,时长,用户数,用户数占比,,,,,,
1-2次,14,27.45%,11秒-30秒,4,50%,,,,,,
3-5次,8,15.69%,31秒-1分,1,12.50%,,,,,,
6-9次,9,17.65%,1分-3分,3,37.50%,,,,,,
10-19次,7,13.73%,,,,,,,,,
20-49次,11,21.57%,,,,,,,,,
50-99次,2,3.92%,,,,,,,,,
2020/1/15,,,,,,,,,,,
           使用频率                      使用时长,,,,,,,,,,,
启动次数,用户数,用户占比,时长,用户数,用户数占比,,,,,,
1-2次,14,27.45%,4秒-10秒,1,25%,,,,,,
3-5次,8,15.69%,11秒-30秒,2,50%,,,,,,
6-9次,9,17.65%,10分-30分,1,25%,,,,,,
10-19次,7,13.73%,,,,,,,,,
20-49次,11,21.57%,,,,,,,,,
50-99次,2,3.92%,,,,,,,,,
2020/1/16,,,,,,,,,,,
           使用频率                      使用时长,,,,,,,,,,,
启动次数,用户数,用户占比,时长,用户数,用户数占比,,,,,,
1-2次,14,27.45%,4秒-10秒,1,25%,,,,,,
3-5次,8,15.69%,11秒-30秒,1,25%,,,,,,
6-9次,9,17.65%,31秒-1分,2,50%,,,,,,
10-19次,7,13.73%,,,,,,,,,
20-49次,11,21.57%,,,,,,,,,
50-99次,2,3.92%,,,,,,,,,
2020/1/17,,,,,,,,,,,
           使用频率                      使用时长,,,,,,,,,,,
启动次数,用户数,用户占比,时长,用户数,用户数占比,,,,,,
1-2次,14,27.45%,11秒-30秒,1,50%,,,,,,
3-5次,8,15.69%,31秒-1分,1,50%,,,,,,
6-9次,9,17.65%,,,,,,,,,
10-19次,7,13.73%,,,,,,,,,
20-49次,11,21.57%,,,,,,,,,
50-99次,2,3.92%,,,,,,,,,
2020/1/18,,,,,,,,,,,
           使用频率                      使用时长,,,,,,,,,,,
启动次数,用户数,用户占比,时长,用户数,用户数占比,,,,,,
1-2次,14,27.45%,4秒-10秒,1,33.33%,,,,,,
3-5次,8,15.69%,1分-3分,2,66.67%,,,,,,
6-9次,9,17.65%,,,,,,,,,
10-19次,7,13.73%,,,,,,,,,
20-49次,11,21.57%,,,,,,,,,
50-99次,2,3.92%,,,,,,,,,
2020/1/19,,,,,,,,,,,
           使用频率                      使用时长,,,,,,,,,,,
启动次数,用户数,用户占比,时长,用户数,用户数占比,,,,,,
1-2次,14,27.45%,4秒-10秒,1,14.29%,,,,,,
3-5次,8,15.69%,11秒-30秒,1,14.29%,,,,,,
6-9次,9,17.65%,31秒-1分,3,42.86%,,,,,,
10-19次,7,13.73%,1分-3分,2,28.57%,,,,,,
20-49次,11,21.57%,,,,,,,,,
50-99次,2,3.92%,,,,,,,,,
2020/1/20,,,,,,,,,,,
           使用频率                      使用时长,,,,,,,,,,,
启动次数,用户数,用户占比,时长,用户数,用户数占比,,,,,,
1-2次,14,27.45%,4秒-10秒,1,25%,,,,,,
3-5次,8,15.69%,31秒-1分,1,25%,,,,,,
6-9次,9,17.65%,1分-3分,1,25%,,,,,,
10-19次,7,13.73%,3分-10分,1,25%,,,,,,
20-49次,11,21.57%,,,,,,,,,
50-99次,2,3.92%,,,,,,,,,
2020/1/21,,,,,,,,,,,
           使用频率                      使用时长,,,,,,,,,,,
启动次数,用户数,用户占比,时长,用户数,用户数占比,,,,,,
1-2次,14,27.45%,4秒-10秒,1,33.33%,,,,,,
3-5次,8,15.69%,11秒-30秒,1,33.33%,,,,,,
6-9次,9,17.65%,1分-3分,1,33.33%,,,,,,
10-19次,7,13.73%,,,,,,,,,
20-49次,11,21.57%,,,,,,,,,
50-99次,2,3.92%,,,,,,,,,
2020/1/22,,,,,,,,,,,
           使用频率                      使用时长,,,,,,,,,,,
启动次数,用户数,用户占比,时长,用户数,用户数占比,,,,,,
1-2次,14,27.45%,4秒-10秒,2,28.57%,,,,,,
3-5次,8,15.69%,11秒-30秒,1,14.29%,,,,,,
6-9次,9,17.65%,31秒-1分,3,42.86%,,,,,,
10-19次,7,13.73%,3分-10分,1,14.29%,,,,,,
20-49次,11,21.57%,,,,,,,,,
50-99次,2,3.92%,,,,,,,,,
2020/1/23,,,,,,,,,,,
           使用频率                      使用时长,,,,,,,,,,,
启动次数,用户数,用户占比,时长,用户数,用户数占比,,,,,,
1-2次,14,27.45%,4秒-10秒,2,50%,,,,,,
3-5次,8,15.69%,11秒-30秒,1,25%,,,,,,
6-9次,9,17.65%,1分-3分,1,25%,,,,,,
10-19次,7,13.73%,,,,,,,,,
20-49次,11,21.57%,,,,,,,,,
50-99次,2,3.92%,,,,,,,,,
2020/1/24,,,,,,,,,,,
           使用频率                      使用时长,,,,,,,,,,,
启动次数,用户数,用户占比,时长,用户数,用户数占比,,,,,,
1-2次,14,27.45%,11秒-30秒,2,66.67%,,,,,,
3-5次,8,15.69%,31秒-1分,1,33.33%,,,,,,
6-9次,9,17.65%,,,,,,,,,
10-19次,7,13.73%,,,,,,,,,
20-49次,11,21.57%,,,,,,,,,
50-99次,2,3.92%,,,,,,,,,
2020/1/25,,,,,,,,,,,
           使用频率                      使用时长,,,,,,,,,,,
启动次数,用户数,用户占比,时长,用户数,用户数占比,,,,,,
1-2次,14,27.45%,4秒-10秒,1,33.33%,,,,,,
3-5次,8,15.69%,11秒-30秒,1,33.33%,,,,,,
6-9次,9,17.65%,31秒-1分,1,33.33%,,,,,,
10-19次,7,13.73%,,,,,,,,,
20-49次,11,21.57%,,,,,,,,,
50-99次,2,3.92%,,,,,,,,,
2020/1/26,,,,,,,,,,,
           使用频率                      使用时长,,,,,,,,,,,
启动次数,用户数,用户占比,时长,用户数,用户数占比,,,,,,
1-2次,14,27.45%,11秒-30秒,1,100%,,,,,,
3-5次,8,15.69%,,,,,,,,,
6-9次,9,17.65%,,,,,,,,,
10-19次,7,13.73%,,,,,,,,,
20-49次,11,21.57%,,,,,,,,,
50-99次,2,3.92%,,,,,,,,,
2020/1/27,,,,,,,,,,,
           使用频率                      使用时长,,,,,,,,,,,
启动次数,用户数,用户占比,时长,用户数,用户数占比,,,,,,
1-2次,14,27.45%,4秒-10秒,1,50%,,,,,,
3-5次,8,15.69%,1分-3分,1,50%,,,,,,
6-9次,9,17.65%,,,,,,,,,
10-19次,7,13.73%,,,,,,,,,
20-49次,11,21.57%,,,,,,,,,
50-99次,2,3.92%,,,,,,,,,
2020/1/28,,,,,,,,,,,
           使用频率                      使用时长,,,,,,,,,,,
启动次数,用户数,用户占比,时长,用户数,用户数占比,,,,,,
1-2次,14,27.45%,11秒-30秒,3,75%,,,,,,
3-5次,8,15.69%,31秒-1分,1,25%,,,,,,
6-9次,9,17.65%,,,,,,,,,
10-19次,7,13.73%,,,,,,,,,
20-49次,11,21.57%,,,,,,,,,
50-99次,2,3.92%,,,,,,,,,
2020/1/29,,,,,,,,,,,
           使用频率                      使用时长,,,,,,,,,,,
启动次数,用户数,用户占比,时长,用户数,用户数占比,,,,,,
1-2次,14,27.45%,11秒-30秒,2,66.67%,,,,,,
3-5次,8,15.69%,31秒-1分,1,33.33%,,,,,,
6-9次,9,17.65%,,,,,,,,,
10-19次,7,13.73%,,,,,,,,,
20-49次,11,21.57%,,,,,,,,,
50-99次,2,3.92%,,,,,,,,,
2020/1/30,,,,,,,,,,,
           使用频率                      使用时长,,,,,,,,,,,
启动次数,用户数,用户占比,时长,用户数,用户数占比,,,,,,
1-2次,14,27.45%,4秒-10秒,1,33.33%,,,,,,
3-5次,8,15.69%,11秒-30秒,1,33.33%,,,,,,
6-9次,9,17.65%,1分-3分,1,33.33%,,,,,,
10-19次,7,13.73%,,,,,,,,,
20-49次,11,21.57%,,,,,,,,,
50-99次,2,3.92%,,,,,,,,,
2020/1/31,,,,,,,,,,,
           使用频率                      使用时长,,,,,,,,,,,
启动次数,用户数,用户占比,时长,用户数,用户数占比,,,,,,
1-2次,14,27.45%,4秒-10秒,2,100%,,,,,,
3-5次,8,15.69%,,,,,,,,,
6-9次,9,17.65%,,,,,,,,,
10-19次,7,13.73%,,,,,,,,,
20-49次,11,21.57%,,,,,,,,,
50-99次,2,3.92%,,,,,,,,,
,,,,,,,,,,,
2020/2/1,,,,,,,,,,,
           使用频率                      使用时长,,,,,,,,,,,
启动次数,用户数,用户占比,时长,用户数,用户数占比,,,,,,
1-2次,11,37.93%,11秒-30秒,1,100%,,,,,,
3-5次,5,17.24%,,,,,,,,,
6-9次,4,13.79%,,,,,,,,,
10-19次,6,20.69%,,,,,,,,,
20-49次,3,10.34%,,,,,,,,,
2020/2/2,,,,,,,,,,,
           使用频率                      使用时长,,,,,,,,,,,
启动次数,用户数,用户占比,时长,用户数,用户数占比,,,,,,
1-2次,11,37.93%,1秒-3秒,1,50%,,,,,,
3-5次,5,17.24%,4秒-10秒,1,50%,,,,,,
6-9次,4,13.79%,,,,,,,,,
10-19次,6,20.69%,,,,,,,,,
20-49次,3,10.34%,,,,,,,,,
2020/2/3,,,,,,,,,,,
           使用频率                      使用时长,,,,,,,,,,,
启动次数,用户数,用户占比,时长,用户数,用户数占比,,,,,,
1-2次,11,37.93%,1秒-3秒,1,50%,,,,,,
3-5次,5,17.24%,4秒-10秒,1,50%,,,,,,
6-9次,4,13.79%,,,,,,,,,
10-19次,6,20.69%,,,,,,,,,
20-49次,3,10.34%,,,,,,,,,
2020/2/4,,,,,,,,,,,
           使用频率                      使用时长,,,,,,,,,,,
启动次数,用户数,用户占比,时长,用户数,用户数占比,,,,,,
1-2次,11,37.93%,1秒-3秒,1,33.33%,,,,,,
3-5次,5,17.24%,11秒-30秒,1,33.33%,,,,,,
6-9次,4,13.79%,31秒-1分,1,33.33%,,,,,,
10-19次,6,20.69%,,,,,,,,,
20-49次,3,10.34%,,,,,,,,,
2020/2/5,,,,,,,,,,,
           使用频率                      使用时长,,,,,,,,,,,
启动次数,用户数,用户占比,时长,用户数,用户数占比,,,,,,
1-2次,11,37.93%,11秒-30秒,2,66.67%,,,,,,
3-5次,5,17.24%,1分-3分,1,33.33%,,,,,,
6-9次,4,13.79%,,,,,,,,,
10-19次,6,20.69%,,,,,,,,,
20-49次,3,10.34%,,,,,,,,,
2020/2/6,,,,,,,,,,,
           使用频率                      使用时长,,,,,,,,,,,
启动次数,用户数,用户占比,时长,用户数,用户数占比,,,,,,
1-2次,11,37.93%,11秒-30秒,2,100%,,,,,,
3-5次,5,17.24%,,,,,,,,,
6-9次,4,13.79%,,,,,,,,,
10-19次,6,20.69%,,,,,,,,,
20-49次,3,10.34%,,,,,,,,,
2020/2/7,,,,,,,,,,,
           使用频率                      使用时长,,,,,,,,,,,
启动次数,用户数,用户占比,时长,用户数,用户数占比,,,,,,
1-2次,11,37.93%,11秒-30秒,1,50%,,,,,,
3-5次,5,17.24%,1分-3分,1,50%,,,,,,
6-9次,4,13.79%,,,,,,,,,
10-19次,6,20.69%,,,,,,,,,
20-49次,3,10.34%,,,,,,,,,
2020/2/8,,,,,,,,,,,
           使用频率                      使用时长,,,,,,,,,,,
启动次数,用户数,用户占比,时长,用户数,用户数占比,,,,,,
1-2次,11,37.93%,4秒-10秒,1,100%,,,,,,
3-5次,5,17.24%,,,,,,,,,
6-9次,4,13.79%,,,,,,,,,
10-19次,6,20.69%,,,,,,,,,
20-49次,3,10.34%,,,,,,,,,
2020/2/9,,,,,,,,,,,
           使用频率                      使用时长,,,,,,,,,,,
启动次数,用户数,用户占比,时长,用户数,用户数占比,,,,,,
1-2次,11,37.93%,1分-3分,1,100%,,,,,,
3-5次,5,17.24%,,,,,,,,,
6-9次,4,13.79%,,,,,,,,,
10-19次,6,20.69%,,,,,,,,,
20-49次,3,10.34%,,,,,,,,,
2020/2/10,,,,,,,,,,,
           使用频率                      使用时长,,,,,,,,,,,
启动次数,用户数,用户占比,时长,用户数,用户数占比,,,,,,
1-2次,11,37.93%,4秒-10秒,1,25%,,,,,,
3-5次,5,17.24%,11秒-30秒,1,25%,,,,,,
6-9次,4,13.79%,1分-3分,1,25%,,,,,,
10-19次,6,20.69%,3分-10分,1,25%,,,,,,
20-49次,3,10.34%,,,,,,,,,
2020/2/11,,,,,,,,,,,
           使用频率                      使用时长,,,,,,,,,,,
启动次数,用户数,用户占比,时长,用户数,用户数占比,,,,,,
1-2次,11,37.93%,11秒-30秒,1,100%,,,,,,
3-5次,5,17.24%,,,,,,,,,
6-9次,4,13.79%,,,,,,,,,
10-19次,6,20.69%,,,,,,,,,
20-49次,3,10.34%,,,,,,,,,
2020/2/12,,,,,,,,,,,
           使用频率                      使用时长,,,,,,,,,,,
启动次数,用户数,用户占比,时长,用户数,用户数占比,,,,,,
1-2次,11,37.93%,11秒-30秒,1,50%,,,,,,
3-5次,5,17.24%,1分-3分,1,50%,,,,,,
6-9次,4,13.79%,,,,,,,,,
10-19次,6,20.69%,,,,,,,,,
20-49次,3,10.34%,,,,,,,,,
2020/2/13,,,,,,,,,,,
           使用频率                      使用时长,,,,,,,,,,,
启动次数,用户数,用户占比,时长,用户数,用户数占比,,,,,,
1-2次,11,37.93%,11秒-30秒,1,100%,,,,,,
3-5次,5,17.24%,,,,,,,,,
6-9次,4,13.79%,,,,,,,,,
10-19次,6,20.69%,,,,,,,,,
20-49次,3,10.34%,,,,,,,,,
2020/2/14,,,,,,,,,,,
           使用频率                      使用时长,,,,,,,,,,,
启动次数,用户数,用户占比,时长,用户数,用户数占比,,,,,,
1-2次,11,37.93%,1秒-3秒,1,100%,,,,,,
3-5次,5,17.24%,,,,,,,,,
6-9次,4,13.79%,,,,,,,,,
10-19次,6,20.69%,,,,,,,,,
20-49次,3,10.34%,,,,,,,,,
2020/2/15,,,,,,,,,,,
           使用频率                      使用时长,,,,,,,,,,,
启动次数,用户数,用户占比,时长,用户数,用户数占比,,,,,,
1-2次,11,37.93%,暂无数据,暂无数据,暂无数据,,,,,,
3-5次,5,17.24%,,,,,,,,,
6-9次,4,13.79%,,,,,,,,,
10-19次,6,20.69%,,,,,,,,,
20-49次,3,10.34%,,,,,,,,,
2020/2/16,,,,,,,,,,,
           使用频率                      使用时长,,,,,,,,,,,
启动次数,用户数,用户占比,时长,用户数,用户数占比,,,,,,
1-2次,11,37.93%,4秒-10秒,1,50%,,,,,,
3-5次,5,17.24%,11秒-30秒,1,50%,,,,,,
6-9次,4,13.79%,,,,,,,,,
10-19次,6,20.69%,,,,,,,,,
20-49次,3,10.34%,,,,,,,,,
2020/2/17,,,,,,,,,,,
           使用频率                      使用时长,,,,,,,,,,,
启动次数,用户数,用户占比,时长,用户数,用户数占比,,,,,,
1-2次,11,37.93%,11秒-30秒,1,50%,,,,,,
3-5次,5,17.24%,31秒-1分,1,50%,,,,,,
6-9次,4,13.79%,,,,,,,,,
10-19次,6,20.69%,,,,,,,,,
20-49次,3,10.34%,,,,,,,,,
2020/2/18,,,,,,,,,,,
           使用频率                      使用时长,,,,,,,,,,,
启动次数,用户数,用户占比,时长,用户数,用户数占比,,,,,,
1-2次,11,37.93%,4秒-10秒,1,50%,,,,,,
3-5次,5,17.24%,1分-3分,1,50%,,,,,,
6-9次,4,13.79%,,,,,,,,,
10-19次,6,20.69%,,,,,,,,,
20-49次,3,10.34%,,,,,,,,,
2020/2/19,,,,,,,,,,,
           使用频率                      使用时长,,,,,,,,,,,
启动次数,用户数,用户占比,时长,用户数,用户数占比,,,,,,
1-2次,11,37.93%,11秒-30秒,1,100%,,,,,,
3-5次,5,17.24%,,,,,,,,,
6-9次,4,13.79%,,,,,,,,,
10-19次,6,20.69%,,,,,,,,,
20-49次,3,10.34%,,,,,,,,,
2020/2/20,,,,,,,,,,,
           使用频率                      使用时长,,,,,,,,,,,
启动次数,用户数,用户占比,时长,用户数,用户数占比,,,,,,
1-2次,11,37.93%,11秒-30秒,1,100%,,,,,,
3-5次,5,17.24%,,,,,,,,,
6-9次,4,13.79%,,,,,,,,,
10-19次,6,20.69%,,,,,,,,,
20-49次,3,10.34%,,,,,,,,,
2020/2/21,,,,,,,,,,,
           使用频率                      使用时长,,,,,,,,,,,
启动次数,用户数,用户占比,时长,用户数,用户数占比,,,,,,
1-2次,11,37.93%,11秒-30秒,1,100%,,,,,,
3-5次,5,17.24%,,,,,,,,,
6-9次,4,13.79%,,,,,,,,,
10-19次,6,20.69%,,,,,,,,,
20-49次,3,10.34%,,,,,,,,,
2020/2/22,,,,,,,,,,,
           使用频率                      使用时长,,,,,,,,,,,
启动次数,用户数,用户占比,时长,用户数,用户数占比,,,,,,
1-2次,11,37.93%,11秒-30秒,1,50%,,,,,,
3-5次,5,17.24%,31秒-1分,1,50%,,,,,,
6-9次,4,13.79%,,,,,,,,,
10-19次,6,20.69%,,,,,,,,,
20-49次,3,10.34%,,,,,,,,,
2020/2/23,,,,,,,,,,,
           使用频率                      使用时长,,,,,,,,,,,
启动次数,用户数,用户占比,时长,用户数,用户数占比,,,,,,
1-2次,11,37.93%,31秒-1分,2,100%,,,,,,
3-5次,5,17.24%,,,,,,,,,
6-9次,4,13.79%,,,,,,,,,
10-19次,6,20.69%,,,,,,,,,
20-49次,3,10.34%,,,,,,,,,
2020/2/24,,,,,,,,,,,
           使用频率                      使用时长,,,,,,,,,,,
启动次数,用户数,用户占比,时长,用户数,用户数占比,,,,,,
1-2次,11,37.93%,1秒-3秒,1,50%,,,,,,
3-5次,5,17.24%,11秒-30秒,1,50%,,,,,,
6-9次,4,13.79%,,,,,,,,,
10-19次,6,20.69%,,,,,,,,,
20-49次,3,10.34%,,,,,,,,,
2020/2/25,,,,,,,,,,,
           使用频率                      使用时长,,,,,,,,,,,
启动次数,用户数,用户占比,时长,用户数,用户数占比,,,,,,
1-2次,11,37.93%,1秒-3秒,1,50%,,,,,,
3-5次,5,17.24%,11秒-30秒,1,50%,,,,,,
6-9次,4,13.79%,,,,,,,,,
10-19次,6,20.69%,,,,,,,,,
20-49次,3,10.34%,,,,,,,,,
2020/2/26,,,,,,,,,,,
           使用频率                      使用时长,,,,,,,,,,,
启动次数,用户数,用户占比,时长,用户数,用户数占比,,,,,,
1-2次,11,37.93%,1秒-3秒,1,50%,,,,,,
3-5次,5,17.24%,1分-3分,1,50%,,,,,,
6-9次,4,13.79%,,,,,,,,,
10-19次,6,20.69%,,,,,,,,,
20-49次,3,10.34%,,,,,,,,,
2020/2/27,,,,,,,,,,,
           使用频率                      使用时长,,,,,,,,,,,
启动次数,用户数,用户占比,时长,用户数,用户数占比,,,,,,
1-2次,11,37.93%,4秒-10秒,1,33.33%,,,,,,
3-5次,5,17.24%,11秒-30秒,1,33.33%,,,,,,
6-9次,4,13.79%,3分-10分,1,33.33%,,,,,,
10-19次,6,20.69%,,,,,,,,,
20-49次,3,10.34%,,,,,,,,,
2020/2/28,,,,,,,,,,,
           使用频率                      使用时长,,,,,,,,,,,
启动次数,用户数,用户占比,时长,用户数,用户数占比,,,,,,
1-2次,11,37.93%,4秒-10秒,1,50%,,,,,,
3-5次,5,17.24%,1分-3分,1,50%,,,,,,
6-9次,4,13.79%,,,,,,,,,
10-19次,6,20.69%,,,,,,,,,
20-49次,3,10.34%,,,,,,,,,
2020/2/29,,,,,,,,,,,
           使用频率                      使用时长,,,,,,,,,,,
启动次数,用户数,用户占比,时长,用户数,用户数占比,,,,,,
1-2次,11,37.93%,1秒-3秒,1,20%,,,,,,
3-5次,5,17.24%,11秒-30秒,1,20%,,,,,,
6-9次,4,13.79%,31秒-1分,1,20%,,,,,,
10-19次,6,20.69%,1分-3分,2,40%,,,,,,
20-49次,3,10.34%,,,,,,,,,
,,,,,,,,,,,
2020/3/1,,,,,,,,,,,
           使用频率                      使用时长,,,,,,,,,,,
启动次数,用户数,用户占比,时长,用户数,用户数占比,,,,,,
1-2次,12,66.67%,11秒-30秒,1,50%,,,,,,
3-5次,4,22.22%,1分-3分,1,50%,,,,,,
10-19次,1,5.56%,,,,,,,,,
20-49次,1,5.56%,,,,,,,,,
2020/3/2,,,,,,,,,,,
           使用频率                      使用时长,,,,,,,,,,,
启动次数,用户数,用户占比,时长,用户数,用户数占比,,,,,,
1-2次,12,66.67%,1分-3分,1,100%,,,,,,
3-5次,4,22.22%,,,,,,,,,
10-19次,1,5.56%,,,,,,,,,
20-49次,1,5.56%,,,,,,,,,
2020/3/3,,,,,,,,,,,
           使用频率                      使用时长,,,,,,,,,,,
启动次数,用户数,用户占比,时长,用户数,用户数占比,,,,,,
1-2次,12,66.67%,3分-10分,1,100%,,,,,,
3-5次,4,22.22%,,,,,,,,,
10-19次,1,5.56%,,,,,,,,,
20-49次,1,5.56%,,,,,,,,,
2020/3/4,,,,,,,,,,,
           使用频率                      使用时长,,,,,,,,,,,
启动次数,用户数,用户占比,时长,用户数,用户数占比,,,,,,
1-2次,12,66.67%,1秒-3秒,1,25%,,,,,,
3-5次,4,22.22%,11秒-30秒,1,25%,,,,,,
10-19次,1,5.56%,31秒-1分,1,25%,,,,,,
20-49次,1,5.56%,1分-3分,1,25%,,,,,,
2020/3/5,,,,,,,,,,,
           使用频率                      使用时长,,,,,,,,,,,
启动次数,用户数,用户占比,时长,用户数,用户数占比,,,,,,
1-2次,12,66.67%,11秒-30秒,1,50%,,,,,,
3-5次,4,22.22%,1分-3分,1,50%,,,,,,
10-19次,1,5.56%,,,,,,,,,
20-49次,1,5.56%,,,,,,,,,
2020/3/6,,,,,,,,,,,
           使用频率                      使用时长,,,,,,,,,,,
启动次数,用户数,用户占比,时长,用户数,用户数占比,,,,,,
1-2次,12,66.67%,1分-3分,1,100%,,,,,,
3-5次,4,22.22%,,,,,,,,,
10-19次,1,5.56%,,,,,,,,,
20-49次,1,5.56%,,,,,,,,,
2020/3/7,,,,,,,,,,,
           使用频率                      使用时长,,,,,,,,,,,
启动次数,用户数,用户占比,时长,用户数,用户数占比,,,,,,
1-2次,12,66.67%,1分-3分,1,100%,,,,,,
3-5次,4,22.22%,,,,,,,,,
10-19次,1,5.56%,,,,,,,,,
20-49次,1,5.56%,,,,,,,,,
2020/3/8,,,,,,,,,,,
           使用频率                      使用时长,,,,,,,,,,,
启动次数,用户数,用户占比,时长,用户数,用户数占比,,,,,,
1-2次,12,66.67%,4秒-10秒,1,50%,,,,,,
3-5次,4,22.22%,3分-10分,1,50%,,,,,,
10-19次,1,5.56%,,,,,,,,,
20-49次,1,5.56%,,,,,,,,,
2020/3/9,,,,,,,,,,,
           使用频率                      使用时长,,,,,,,,,,,
启动次数,用户数,用户占比,时长,用户数,用户数占比,,,,,,
1-2次,12,66.67%,1分-3分,1,100%,,,,,,
3-5次,4,22.22%,,,,,,,,,
10-19次,1,5.56%,,,,,,,,,
20-49次,1,5.56%,,,,,,,,,
2020/3/10,,,,,,,,,,,
           使用频率                      使用时长,,,,,,,,,,,
启动次数,用户数,用户占比,时长,用户数,用户数占比,,,,,,
1-2次,12,66.67%,1分-3分,1,100%,,,,,,
3-5次,4,22.22%,,,,,,,,,
10-19次,1,5.56%,,,,,,,,,
20-49次,1,5.56%,,,,,,,,,
2020/3/11,,,,,,,,,,,
           使用频率                      使用时长,,,,,,,,,,,
启动次数,用户数,用户占比,时长,用户数,用户数占比,,,,,,
1-2次,12,66.67%,11秒-30秒,1,100%,,,,,,
3-5次,4,22.22%,,,,,,,,,
10-19次,1,5.56%,,,,,,,,,
20-49次,1,5.56%,,,,,,,,,
2020/3/12,,,,,,,,,,,
           使用频率                      使用时长,,,,,,,,,,,
启动次数,用户数,用户占比,时长,用户数,用户数占比,,,,,,
1-2次,12,66.67%,11秒-30秒,1,50%,,,,,,
3-5次,4,22.22%,1分-3分,1,50%,,,,,,
10-19次,1,5.56%,,,,,,,,,
20-49次,1,5.56%,,,,,,,,,
2020/3/13,,,,,,,,,,,
           使用频率                      使用时长,,,,,,,,,,,
启动次数,用户数,用户占比,时长,用户数,用户数占比,,,,,,
1-2次,12,66.67%,1分-3分,1,100%,,,,,,
3-5次,4,22.22%,,,,,,,,,
10-19次,1,5.56%,,,,,,,,,
20-49次,1,5.56%,,,,,,,,,
2020/3/14,,,,,,,,,,,
           使用频率                      使用时长,,,,,,,,,,,
启动次数,用户数,用户占比,时长,用户数,用户数占比,,,,,,
1-2次,12,66.67%,1分-3分,1,100%,,,,,,
3-5次,4,22.22%,,,,,,,,,
10-19次,1,5.56%,,,,,,,,,
20-49次,1,5.56%,,,,,,,,,
2020/3/15,,,,,,,,,,,
           使用频率                      使用时长,,,,,,,,,,,
启动次数,用户数,用户占比,时长,用户数,用户数占比,,,,,,
1-2次,12,66.67%,11秒-30秒,1,33.33%,,,,,,
3-5次,4,22.22%,31秒-1分,2,66.67%,,,,,,
10-19次,1,5.56%,,,,,,,,,
20-49次,1,5.56%,,,,,,,,,
2020/3/16,,,,,,,,,,,
           使用频率                      使用时长,,,,,,,,,,,
启动次数,用户数,用户占比,时长,用户数,用户数占比,,,,,,
1-2次,12,66.67%,11秒-30秒,1,33.33%,,,,,,
3-5次,4,22.22%,3分-10分,2,66.67%,,,,,,
10-19次,1,5.56%,,,,,,,,,
20-49次,1,5.56%,,,,,,,,,
2020/3/17,,,,,,,,,,,
           使用频率                      使用时长,,,,,,,,,,,
启动次数,用户数,用户占比,时长,用户数,用户数占比,,,,,,
1-2次,12,66.67%,1分-3分,1,100%,,,,,,
3-5次,4,22.22%,,,,,,,,,
10-19次,1,5.56%,,,,,,,,,
20-49次,1,5.56%,,,,,,,,,
2020/3/18,,,,,,,,,,,
           使用频率                      使用时长,,,,,,,,,,,
启动次数,用户数,用户占比,时长,用户数,用户数占比,,,,,,
1-2次,12,66.67%,暂无数据,暂无数据,暂无数据,,,,,,
3-5次,4,22.22%,,,,,,,,,
10-19次,1,5.56%,,,,,,,,,
20-49次,1,5.56%,,,,,,,,,
2020/3/19,,,,,,,,,,,
           使用频率                      使用时长,,,,,,,,,,,
启动次数,用户数,用户占比,时长,用户数,用户数占比,,,,,,
1-2次,12,66.67%,31秒-1分,1,100%,,,,,,
3-5次,4,22.22%,,,,,,,,,
10-19次,1,5.56%,,,,,,,,,
20-49次,1,5.56%,,,,,,,,,
2020/3/20,,,,,,,,,,,
           使用频率                      使用时长,,,,,,,,,,,
启动次数,用户数,用户占比,时长,用户数,用户数占比,,,,,,
1-2次,12,66.67%,1秒-3秒,1,25%,,,,,,
3-5次,4,22.22%,31秒-1分,1,25%,,,,,,
10-19次,1,5.56%,1分-3分,2,50%,,,,,,
20-49次,1,5.56%,,,,,,,,,
2020/3/21,,,,,,,,,,,
           使用频率                      使用时长,,,,,,,,,,,
启动次数,用户数,用户占比,时长,用户数,用户数占比,,,,,,
1-2次,12,66.67%,11秒-30秒,1,100%,,,,,,
3-5次,4,22.22%,,,,,,,,,
10-19次,1,5.56%,,,,,,,,,
20-49次,1,5.56%,,,,,,,,,
2020/3/22,,,,,,,,,,,
           使用频率                      使用时长,,,,,,,,,,,
启动次数,用户数,用户占比,时长,用户数,用户数占比,,,,,,
1-2次,12,66.67%,1分-3分,1,100%,,,,,,
3-5次,4,22.22%,,,,,,,,,
10-19次,1,5.56%,,,,,,,,,
20-49次,1,5.56%,,,,,,,,,
2020/3/23,,,,,,,,,,,
           使用频率                      使用时长,,,,,,,,,,,
启动次数,用户数,用户占比,时长,用户数,用户数占比,,,,,,
1-2次,12,66.67%,11秒-30秒,2,100%,,,,,,
3-5次,4,22.22%,,,,,,,,,
10-19次,1,5.56%,,,,,,,,,
20-49次,1,5.56%,,,,,,,,,
2020/3/24,,,,,,,,,,,
           使用频率                      使用时长,,,,,,,,,,,
启动次数,用户数,用户占比,时长,用户数,用户数占比,,,,,,
1-2次,12,66.67%,11秒-30秒,1,33.33%,,,,,,
3-5次,4,22.22%,1分-3分,1,33.33%,,,,,,
10-19次,1,5.56%,3分-10分,1,33.33%,,,,,,
20-49次,1,5.56%,,,,,,,,,
2020/3/25,,,,,,,,,,,
           使用频率                      使用时长,,,,,,,,,,,
启动次数,用户数,用户占比,时长,用户数,用户数占比,,,,,,
1-2次,12,66.67%,11秒-30秒,1,100%,,,,,,
3-5次,4,22.22%,,,,,,,,,
10-19次,1,5.56%,,,,,,,,,
20-49次,1,5.56%,,,,,,,,,
2020/3/26,,,,,,,,,,,
           使用频率                      使用时长,,,,,,,,,,,
启动次数,用户数,用户占比,时长,用户数,用户数占比,,,,,,
1-2次,12,66.67%,1分-3分,1,100%,,,,,,
3-5次,4,22.22%,,,,,,,,,
10-19次,1,5.56%,,,,,,,,,
20-49次,1,5.56%,,,,,,,,,
2020/3/27,,,,,,,,,,,
           使用频率                      使用时长,,,,,,,,,,,
启动次数,用户数,用户占比,时长,用户数,用户数占比,,,,,,
1-2次,12,66.67%,11秒-30秒,1,100%,,,,,,
3-5次,4,22.22%,,,,,,,,,
10-19次,1,5.56%,,,,,,,,,
20-49次,1,5.56%,,,,,,,,,
2020/3/28,,,,,,,,,,,
           使用频率                      使用时长,,,,,,,,,,,
启动次数,用户数,用户占比,时长,用户数,用户数占比,,,,,,
1-2次,12,66.67%,11秒-30秒,1,100%,,,,,,
3-5次,4,22.22%,,,,,,,,,
10-19次,1,5.56%,,,,,,,,,
20-49次,1,5.56%,,,,,,,,,
2020/3/29,,,,,,,,,,,
           使用频率                      使用时长,,,,,,,,,,,
启动次数,用户数,用户占比,时长,用户数,用户数占比,,,,,,
1-2次,12,66.67%,3分-10分,1,100%,,,,,,
3-5次,4,22.22%,,,,,,,,,
10-19次,1,5.56%,,,,,,,,,
20-49次,1,5.56%,,,,,,,,,
2020/3/30,,,,,,,,,,,
           使用频率                      使用时长,,,,,,,,,,,
启动次数,用户数,用户占比,时长,用户数,用户数占比,,,,,,
1-2次,12,66.67%,1分-3分,1,33.33%,,,,,,
3-5次,4,22.22%,3分-10分,2,66.67%,,,,,,
10-19次,1,5.56%,,,,,,,,,
20-49次,1,5.56%,,,,,,,,,
2020/3/31,,,,,,,,,,,
           使用频率                      使用时长,,,,,,,,,,,
启动次数,用户数,用户占比,时长,用户数,用户数占比,,,,,,
1-2次,12,66.67%,4秒-10秒,1,33.33%,,,,,,
3-5次,4,22.22%,11秒-30秒,1,33.33%,,,,,,
10-19次,1,5.56%,3分-10分,1,33.33%,,,,,,
20-49次,1,5.56%,,,,,,,,,
,,,,,,,,,,,
2020/4/1,,,,,,,,,,,
           使用频率                      使用时长,,,,,,,,,,,
启动次数,用户数,用户占比,时长,用户数,用户数占比,,,,,,
1-2次,16,72.73%,11秒-30秒,1,100%,,,,,,
3-5次,3,13.64%,,,,,,,,,
6-9次,1,4.55%,,,,,,,,,
10-19次,1,4.55%,,,,,,,,,
20-49次,1,4.55%,,,,,,,,,
2020/4/2,,,,,,,,,,,
           使用频率                      使用时长,,,,,,,,,,,
启动次数,用户数,用户占比,时长,用户数,用户数占比,,,,,,
1-2次,16,72.73%,1分-3分,2,100%,,,,,,
3-5次,3,13.64%,,,,,,,,,
6-9次,1,4.55%,,,,,,,,,
10-19次,1,4.55%,,,,,,,,,
20-49次,1,4.55%,,,,,,,,,
2020/4/3,,,,,,,,,,,
           使用频率                      使用时长,,,,,,,,,,,
启动次数,用户数,用户占比,时长,用户数,用户数占比,,,,,,
1-2次,16,72.73%,31秒-1分,1,100%,,,,,,
3-5次,3,13.64%,,,,,,,,,
6-9次,1,4.55%,,,,,,,,,
10-19次,1,4.55%,,,,,,,,,
20-49次,1,4.55%,,,,,,,,,
2020/4/4,,,,,,,,,,,
           使用频率                      使用时长,,,,,,,,,,,
启动次数,用户数,用户占比,时长,用户数,用户数占比,,,,,,
1-2次,16,72.73%,1秒-3秒,1,100%,,,,,,
3-5次,3,13.64%,,,,,,,,,
6-9次,1,4.55%,,,,,,,,,
10-19次,1,4.55%,,,,,,,,,
20-49次,1,4.55%,,,,,,,,,
2020/4/5,,,,,,,,,,,
           使用频率                      使用时长,,,,,,,,,,,
启动次数,用户数,用户占比,时长,用户数,用户数占比,,,,,,
1-2次,16,72.73%,11秒-30秒,1,100%,,,,,,
3-5次,3,13.64%,,,,,,,,,
6-9次,1,4.55%,,,,,,,,,
10-19次,1,4.55%,,,,,,,,,
20-49次,1,4.55%,,,,,,,,,
2020/4/6,,,,,,,,,,,
           使用频率                      使用时长,,,,,,,,,,,
启动次数,用户数,用户占比,时长,用户数,用户数占比,,,,,,
1-2次,16,72.73%,1分-3分,1,100%,,,,,,
3-5次,3,13.64%,,,,,,,,,
6-9次,1,4.55%,,,,,,,,,
10-19次,1,4.55%,,,,,,,,,
20-49次,1,4.55%,,,,,,,,,
2020/4/7,,,,,,,,,,,
           使用频率                      使用时长,,,,,,,,,,,
启动次数,用户数,用户占比,时长,用户数,用户数占比,,,,,,
1-2次,16,72.73%,3分-10分,1,100%,,,,,,
3-5次,3,13.64%,,,,,,,,,
6-9次,1,4.55%,,,,,,,,,
10-19次,1,4.55%,,,,,,,,,
20-49次,1,4.55%,,,,,,,,,
2020/4/8,,,,,,,,,,,
           使用频率                      使用时长,,,,,,,,,,,
启动次数,用户数,用户占比,时长,用户数,用户数占比,,,,,,
1-2次,16,72.73%,10分-30分,1,100%,,,,,,
3-5次,3,13.64%,,,,,,,,,
6-9次,1,4.55%,,,,,,,,,
10-19次,1,4.55%,,,,,,,,,
20-49次,1,4.55%,,,,,,,,,
2020/4/9,,,,,,,,,,,
           使用频率                      使用时长,,,,,,,,,,,
启动次数,用户数,用户占比,时长,用户数,用户数占比,,,,,,
1-2次,16,72.73%,3分-10分,1,100%,,,,,,
3-5次,3,13.64%,,,,,,,,,
6-9次,1,4.55%,,,,,,,,,
10-19次,1,4.55%,,,,,,,,,
20-49次,1,4.55%,,,,,,,,,
2020/4/10,,,,,,,,,,,
           使用频率                      使用时长,,,,,,,,,,,
启动次数,用户数,用户占比,时长,用户数,用户数占比,,,,,,
1-2次,16,72.73%,3分-10分,1,100%,,,,,,
3-5次,3,13.64%,,,,,,,,,
6-9次,1,4.55%,,,,,,,,,
10-19次,1,4.55%,,,,,,,,,
20-49次,1,4.55%,,,,,,,,,
2020/4/11,,,,,,,,,,,
           使用频率                      使用时长,,,,,,,,,,,
启动次数,用户数,用户占比,时长,用户数,用户数占比,,,,,,
1-2次,16,72.73%,3分-10分,1,100%,,,,,,
3-5次,3,13.64%,,,,,,,,,
6-9次,1,4.55%,,,,,,,,,
10-19次,1,4.55%,,,,,,,,,
20-49次,1,4.55%,,,,,,,,,
2020/4/12,,,,,,,,,,,
           使用频率                      使用时长,,,,,,,,,,,
启动次数,用户数,用户占比,时长,用户数,用户数占比,,,,,,
1-2次,16,72.73%,1分-3分,1,100%,,,,,,
3-5次,3,13.64%,,,,,,,,,
6-9次,1,4.55%,,,,,,,,,
10-19次,1,4.55%,,,,,,,,,
20-49次,1,4.55%,,,,,,,,,
2020/4/13,,,,,,,,,,,
           使用频率                      使用时长,,,,,,,,,,,
启动次数,用户数,用户占比,时长,用户数,用户数占比,,,,,,
1-2次,16,72.73%,11秒-30秒,1,33.33%,,,,,,
3-5次,3,13.64%,31秒-1分,1,33.33%,,,,,,
6-9次,1,4.55%,1分-3分,1,33.33%,,,,,,
10-19次,1,4.55%,,,,,,,,,
20-49次,1,4.55%,,,,,,,,,
2020/4/14,,,,,,,,,,,
           使用频率                      使用时长,,,,,,,,,,,
启动次数,用户数,用户占比,时长,用户数,用户数占比,,,,,,
1-2次,16,72.73%,1分-3分,2,50%,,,,,,
3-5次,3,13.64%,3分-10分,1,25%,,,,,,
6-9次,1,4.55%,30分+,1,25%,,,,,,
10-19次,1,4.55%,,,,,,,,,
20-49次,1,4.55%,,,,,,,,,
2020/4/15,,,,,,,,,,,
           使用频率                      使用时长,,,,,,,,,,,
启动次数,用户数,用户占比,时长,用户数,用户数占比,,,,,,
1-2次,16,72.73%,1分-3分,1,100%,,,,,,
3-5次,3,13.64%,,,,,,,,,
6-9次,1,4.55%,,,,,,,,,
10-19次,1,4.55%,,,,,,,,,
20-49次,1,4.55%,,,,,,,,,
2020/4/16,,,,,,,,,,,
           使用频率                      使用时长,,,,,,,,,,,
启动次数,用户数,用户占比,时长,用户数,用户数占比,,,,,,
1-2次,16,72.73%,1分-3分,1,100%,,,,,,
3-5次,3,13.64%,,,,,,,,,
6-9次,1,4.55%,,,,,,,,,
10-19次,1,4.55%,,,,,,,,,
20-49次,1,4.55%,,,,,,,,,
2020/4/17,,,,,,,,,,,
           使用频率                      使用时长,,,,,,,,,,,
启动次数,用户数,用户占比,时长,用户数,用户数占比,,,,,,
1-2次,16,72.73%,31秒-1分,1,100%,,,,,,
3-5次,3,13.64%,,,,,,,,,
6-9次,1,4.55%,,,,,,,,,
10-19次,1,4.55%,,,,,,,,,
20-49次,1,4.55%,,,,,,,,,
2020/4/18,,,,,,,,,,,
           使用频率                      使用时长,,,,,,,,,,,
启动次数,用户数,用户占比,时长,用户数,用户数占比,,,,,,
1-2次,16,72.73%,1分-3分,1,100%,,,,,,
3-5次,3,13.64%,,,,,,,,,
6-9次,1,4.55%,,,,,,,,,
10-19次,1,4.55%,,,,,,,,,
20-49次,1,4.55%,,,,,,,,,
2020/4/19,,,,,,,,,,,
           使用频率                      使用时长,,,,,,,,,,,
启动次数,用户数,用户占比,时长,用户数,用户数占比,,,,,,
1-2次,16,72.73%,11秒-30秒,1,100%,,,,,,
3-5次,3,13.64%,,,,,,,,,
6-9次,1,4.55%,,,,,,,,,
10-19次,1,4.55%,,,,,,,,,
20-49次,1,4.55%,,,,,,,,,
2020/4/20,,,,,,,,,,,
           使用频率                      使用时长,,,,,,,,,,,
启动次数,用户数,用户占比,时长,用户数,用户数占比,,,,,,
1-2次,16,72.73%,1分-3分,1,50%,,,,,,
3-5次,3,13.64%,10分-30分,1,50%,,,,,,
6-9次,1,4.55%,,,,,,,,,
10-19次,1,4.55%,,,,,,,,,
20-49次,1,4.55%,,,,,,,,,
2020/4/21,,,,,,,,,,,
           使用频率                      使用时长,,,,,,,,,,,
启动次数,用户数,用户占比,时长,用户数,用户数占比,,,,,,
1-2次,16,72.73%,1分-3分,1,100%,,,,,,
3-5次,3,13.64%,,,,,,,,,
6-9次,1,4.55%,,,,,,,,,
10-19次,1,4.55%,,,,,,,,,
20-49次,1,4.55%,,,,,,,,,
2020/4/22,,,,,,,,,,,
           使用频率                      使用时长,,,,,,,,,,,
启动次数,用户数,用户占比,时长,用户数,用户数占比,,,,,,
1-2次,16,72.73%,31秒-1分,1,100%,,,,,,
3-5次,3,13.64%,,,,,,,,,
6-9次,1,4.55%,,,,,,,,,
10-19次,1,4.55%,,,,,,,,,
20-49次,1,4.55%,,,,,,,,,
2020/4/23,,,,,,,,,,,
           使用频率                      使用时长,,,,,,,,,,,
启动次数,用户数,用户占比,时长,用户数,用户数占比,,,,,,
1-2次,16,72.73%,1分-3分,1,100%,,,,,,
3-5次,3,13.64%,,,,,,,,,
6-9次,1,4.55%,,,,,,,,,
10-19次,1,4.55%,,,,,,,,,
20-49次,1,4.55%,,,,,,,,,
2020/4/24,,,,,,,,,,,
           使用频率                      使用时长,,,,,,,,,,,
启动次数,用户数,用户占比,时长,用户数,用户数占比,,,,,,
1-2次,16,72.73%,1分-3分,1,50%,,,,,,
3-5次,3,13.64%,3分-10分,1,100%,,,,,,
6-9次,1,4.55%,,,,,,,,,
10-19次,1,4.55%,,,,,,,,,
20-49次,1,4.55%,,,,,,,,,
2020/4/25,,,,,,,,,,,
           使用频率                      使用时长,,,,,,,,,,,
启动次数,用户数,用户占比,时长,用户数,用户数占比,,,,,,
1-2次,16,72.73%,1分-3分,1,100%,,,,,,
3-5次,3,13.64%,,,,,,,,,
6-9次,1,4.55%,,,,,,,,,
10-19次,1,4.55%,,,,,,,,,
20-49次,1,4.55%,,,,,,,,,
2020/4/26,,,,,,,,,,,
           使用频率                      使用时长,,,,,,,,,,,
启动次数,用户数,用户占比,时长,用户数,用户数占比,,,,,,
1-2次,16,72.73%,31秒-1分,1,50%,,,,,,
3-5次,3,13.64%,1分-3分,1,50%,,,,,,
6-9次,1,4.55%,,,,,,,,,
10-19次,1,4.55%,,,,,,,,,
20-49次,1,4.55%,,,,,,,,,
2020/4/27,,,,,,,,,,,
           使用频率                      使用时长,,,,,,,,,,,
启动次数,用户数,用户占比,时长,用户数,用户数占比,,,,,,
1-2次,16,72.73%,1分-3分,1,100%,,,,,,
3-5次,3,13.64%,,,,,,,,,
6-9次,1,4.55%,,,,,,,,,
10-19次,1,4.55%,,,,,,,,,
20-49次,1,4.55%,,,,,,,,,
2020/4/28,,,,,,,,,,,
           使用频率                      使用时长,,,,,,,,,,,
启动次数,用户数,用户占比,时长,用户数,用户数占比,,,,,,
1-2次,16,72.73%,11秒-30秒,1,50%,,,,,,
3-5次,3,13.64%,31秒-1分,1,50%,,,,,,
6-9次,1,4.55%,,,,,,,,,
10-19次,1,4.55%,,,,,,,,,
20-49次,1,4.55%,,,,,,,,,
2020/4/29,,,,,,,,,,,
           使用频率                      使用时长,,,,,,,,,,,
启动次数,用户数,用户占比,时长,用户数,用户数占比,,,,,,
1-2次,16,72.73%,11秒-30秒,1,100%,,,,,,
3-5次,3,13.64%,,,,,,,,,
6-9次,1,4.55%,,,,,,,,,
10-19次,1,4.55%,,,,,,,,,
20-49次,1,4.55%,,,,,,,,,
2020/4/30,,,,,,,,,,,
           使用频率                      使用时长,,,,,,,,,,,
启动次数,用户数,用户占比,时长,用户数,用户数占比,,,,,,
1-2次,16,72.73%,11秒-30秒,2,100%,,,,,,
3-5次,3,13.64%,,,,,,,,,
6-9次,1,4.55%,,,,,,,,,
10-19次,1,4.55%,,,,,,,,,
20-49次,1,4.55%,,,,,,,,,
,,,,,,,,,,,
2020/5/1,,,,,,,,,,,
           使用频率                      使用时长,,,,,,,,,,,
启动次数,用户数,用户占比,时长,用户数,用户数占比,,,,,,
1-2次,6,60%,11秒-30秒,1,50%,,,,,,
3-5次,2,20%,1分-3分,1,50%,,,,,,
6-9次,1,10%,,,,,,,,,
50-99次,1,10%,,,,,,,,,
2020/5/2,,,,,,,,,,,
           使用频率                      使用时长,,,,,,,,,,,
启动次数,用户数,用户占比,时长,用户数,用户数占比,,,,,,
1-2次,6,60%,3分-10分,1,100%,,,,,,
3-5次,2,20%,,,,,,,,,
6-9次,1,10%,,,,,,,,,
50-99次,1,10%,,,,,,,,,
2020/5/3,,,,,,,,,,,
           使用频率                      使用时长,,,,,,,,,,,
启动次数,用户数,用户占比,时长,用户数,用户数占比,,,,,,
1-2次,6,60%,11秒-30秒,1,100%,,,,,,
3-5次,2,20%,,,,,,,,,
6-9次,1,10%,,,,,,,,,
50-99次,1,10%,,,,,,,,,
2020/5/4,,,,,,,,,,,
           使用频率                      使用时长,,,,,,,,,,,
启动次数,用户数,用户占比,时长,用户数,用户数占比,,,,,,
1-2次,6,60%,1秒-3秒,1,50%,,,,,,
3-5次,2,20%,1分-3分,1,50%,,,,,,
6-9次,1,10%,,,,,,,,,
50-99次,1,10%,,,,,,,,,
2020/5/5,,,,,,,,,,,
           使用频率                      使用时长,,,,,,,,,,,
启动次数,用户数,用户占比,时长,用户数,用户数占比,,,,,,
1-2次,6,60%,11秒-30秒,1,50%,,,,,,
3-5次,2,20%,31秒-1分,1,50%,,,,,,
6-9次,1,10%,,,,,,,,,
50-99次,1,10%,,,,,,,,,
2020/5/6,,,,,,,,,,,
           使用频率                      使用时长,,,,,,,,,,,
启动次数,用户数,用户占比,时长,用户数,用户数占比,,,,,,
1-2次,1,100%,1分-3分,1,100%,,,,,,
2020/5/7,,,,,,,,,,,
           使用频率                      使用时长,,,,,,,,,,,
启动次数,用户数,用户占比,时长,用户数,用户数占比,,,,,,
1-2次,1,100%,31秒-1分,1,100%,,,,,,
2020/5/8,,,,,,,,,,,
           使用频率                      使用时长,,,,,,,,,,,
启动次数,用户数,用户占比,时长,用户数,用户数占比,,,,,,
1-2次,1,50%,31秒-1分,1,50%,,,,,,
3-5次,1,50%,1分-3分,1,50%,,,,,,
2020/5/9,,,,,,,,,,,
           使用频率                      使用时长,,,,,,,,,,,
启动次数,用户数,用户占比,时长,用户数,用户数占比,,,,,,
1-2次,2,66.67%,4秒-10秒,1,50%,,,,,,
3-5次,1,33.33%,3分-10分,1,50%,,,,,,
2020/5/10,,,,,,,,,,,
           使用频率                      使用时长,,,,,,,,,,,
启动次数,用户数,用户占比,时长,用户数,用户数占比,,,,,,
1-2次,1,100%,1分-3分,1,100%,,,,,,
2020/5/11,,,,,,,,,,,
           使用频率                      使用时长,,,,,,,,,,,
启动次数,用户数,用户占比,时长,用户数,用户数占比,,,,,,
3-5次,1,100%,1分-3分,1,100%,,,,,,
2020/5/12,,,,,,,,,,,
           使用频率                      使用时长,,,,,,,,,,,
启动次数,用户数,用户占比,时长,用户数,用户数占比,,,,,,
1次-3次,1,100%,1分-3分,1,100%,,,,,,
2020/5/13,,,,,,,,,,,
           使用频率                      使用时长,,,,,,,,,,,
启动次数,用户数,用户占比,时长,用户数,用户数占比,,,,,,
1-2次,1,100%,31秒-1分,1,100%,,,,,,
2020/5/14,,,,,,,,,,,
           使用频率                      使用时长,,,,,,,,,,,
启动次数,用户数,用户占比,时长,用户数,用户数占比,,,,,,
1-2次,1,100%,31秒-1分,1,100%,,,,,,
2020/5/15,,,,,,,,,,,
           使用频率                      使用时长,,,,,,,,,,,
启动次数,用户数,用户占比,时长,用户数,用户数占比,,,,,,
3-5次,1,100%,3分-10分,1,100%,,,,,,
2020/5/16,,,,,,,,,,,
           使用频率                      使用时长,,,,,,,,,,,
启动次数,用户数,用户占比,时长,用户数,用户数占比,,,,,,
3-5次,1,100%,31秒-1分,1,100%,,,,,,
2020/5/17,,,,,,,,,,,
           使用频率                      使用时长,,,,,,,,,,,
启动次数,用户数,用户占比,时长,用户数,用户数占比,,,,,,
1-2次,1,100%,31秒-1分,1,100%,,,,,,
2020/5/18,,,,,,,,,,,
           使用频率                      使用时长,,,,,,,,,,,
启动次数,用户数,用户占比,时长,用户数,用户数占比,,,,,,
1-2次,1,100%,11秒-30秒,1,100%,,,,,,
2020/5/19,,,,,,,,,,,
           使用频率                      使用时长,,,,,,,,,,,
启动次数,用户数,用户占比,时长,用户数,用户数占比,,,,,,
1-2次,2,100%,1秒-3秒,1,50%,,,,,,
,,,31秒-1分,1,50%,,,,,,
2020/5/20,,,,,,,,,,,
           使用频率                      使用时长,,,,,,,,,,,
启动次数,用户数,用户占比,时长,用户数,用户数占比,,,,,,
1-2次,1,100%,1分-3分,1,100%,,,,,,
2020/5/21,,,,,,,,,,,
           使用频率                      使用时长,,,,,,,,,,,
启动次数,用户数,用户占比,时长,用户数,用户数占比,,,,,,
1-2次,1,100%,1分-3分,1,100%,,,,,,
2020/5/22,,,,,,,,,,,
           使用频率                      使用时长,,,,,,,,,,,
启动次数,用户数,用户占比,时长,用户数,用户数占比,,,,,,
1-2次,1,100%,31秒-1分,1,100%,,,,,,
2020/5/23,,,,,,,,,,,
           使用频率                      使用时长,,,,,,,,,,,
启动次数,用户数,用户占比,时长,用户数,用户数占比,,,,,,
1-2次,6,60%,31秒-1分,1,100%,,,,,,
2020/5/24,,,,,,,,,,,
           使用频率                      使用时长,,,,,,,,,,,
启动次数,用户数,用户占比,时长,用户数,用户数占比,,,,,,
3-5次,1,100%,1分-3分,1,100%,,,,,,
2020/5/25,,,,,,,,,,,
           使用频率                      使用时长,,,,,,,,,,,
启动次数,用户数,用户占比,时长,用户数,用户数占比,,,,,,
1-2次,1,100%,31秒-1分,1,100%,,,,,,
2020/5/26,,,,,,,,,,,
           使用频率                      使用时长,,,,,,,,,,,
启动次数,用户数,用户占比,时长,用户数,用户数占比,,,,,,
1-2次,2,100%,4秒-10秒,1,50%,,,,,,
,,,31秒-1分,1,50%,,,,,,
2020/5/27,,,,,,,,,,,
           使用频率                      使用时长,,,,,,,,,,,
启动次数,用户数,用户占比,时长,用户数,用户数占比,,,,,,
1-2次,2,100%,11秒-30秒,1,50%,,,,,,
,,,3分-10分,1,50%,,,,,,
2020/5/28,,,,,,,,,,,
           使用频率                      使用时长,,,,,,,,,,,
启动次数,用户数,用户占比,时长,用户数,用户数占比,,,,,,
1-2次,1,100%,11秒-30秒,1,100%,,,,,,
2020/5/29,,,,,,,,,,,
           使用频率                      使用时长,,,,,,,,,,,
启动次数,用户数,用户占比,时长,用户数,用户数占比,,,,,,
1-2次,2,100%,31秒-1分,1,50%,,,,,,
,,,1分-3分,1,50%,,,,,,
2020/5/30,,,,,,,,,,,
           使用频率                      使用时长,,,,,,,,,,,
启动次数,用户数,用户占比,时长,用户数,用户数占比,,,,,,
1-2次,1,100%,1分-3分,1,100%,,,,,,
2020/5/31,,,,,,,,,,,
           使用频率                      使用时长,,,,,,,,,,,
启动次数,用户数,用户占比,时长,用户数,用户数占比,,,,,,
1-2次,1,100%,31秒-1分,1,100%,,,,,,
,,,,,,,,,,,
2020/6/1,,,,,,,,,,,
           使用频率                      使用时长,,,,,,,,,,,
启动次数,用户数,用户占比,时长,用户数,用户数占比,,,,,,
3-5次,1,100%,3分-10分,1,100%,,,,,,
2020/6/2,,,,,,,,,,,
           使用频率                      使用时长,,,,,,,,,,,
启动次数,用户数,用户占比,时长,用户数,用户数占比,,,,,,
1-2次,1,50%,4秒-10秒,1,50%,,,,,,
3-5次,1,50%,1分-3分,1,50%,,,,,,
2020/6/3,,,,,,,,,,,
           使用频率                      使用时长,,,,,,,,,,,
启动次数,用户数,用户占比,时长,用户数,用户数占比,,,,,,
1-2次,1,100%,11秒-30秒,1,100%,,,,,,
2020/6/4,,,,,,,,,,,
           使用频率                      使用时长,,,,,,,,,,,
启动次数,用户数,用户占比,时长,用户数,用户数占比,,,,,,
1-2次,1,50%,31秒-1分,1,100%,,,,,,
3-5次,1,50%,,,,,,,,,
2020/6/5,,,,,,,,,,,
           使用频率                      使用时长,,,,,,,,,,,
启动次数,用户数,用户占比,时长,用户数,用户数占比,,,,,,
1-2次,1,100%,11秒-30秒,1,100%,,,,,,
2020/6/6,,,,,,,,,,,
           使用频率                      使用时长,,,,,,,,,,,
启动次数,用户数,用户占比,时长,用户数,用户数占比,,,,,,
1-2次,1,100%,11秒-30秒,1,100%,,,,,,
2020/6/7,,,,,,,,,,,
           使用频率                      使用时长,,,,,,,,,,,
启动次数,用户数,用户占比,时长,用户数,用户数占比,,,,,,
1-2次,2,100%,11秒-30秒,2,100%,,,,,,
2020/6/8,,,,,,,,,,,
           使用频率                      使用时长,,,,,,,,,,,
启动次数,用户数,用户占比,时长,用户数,用户数占比,,,,,,
1-2次,1,50%,1分-3分,2,100%,,,,,,
3-5次,1,50%,1分-3分,2,100%,,,,,,
2020/6/9,,,,,,,,,,,
           使用频率                      使用时长,,,,,,,,,,,
启动次数,用户数,用户占比,时长,用户数,用户数占比,,,,,,
1-2次,2,100%,11秒-30秒,2,100%,,,,,,
2020/6/10,,,,,,,,,,,
           使用频率                      使用时长,,,,,,,,,,,
启动次数,用户数,用户占比,时长,用户数,用户数占比,,,,,,
1-2次,2,100%,31秒-1分,1,50%,,,,,,
,,,3分-10分,1,50%,,,,,,
2020/6/11,,,,,,,,,,,
           使用频率                      使用时长,,,,,,,,,,,
启动次数,用户数,用户占比,时长,用户数,用户数占比,,,,,,
3-5次,1,100%,31秒-1分,1,100%,,,,,,
2020/6/12,,,,,,,,,,,
           使用频率                      使用时长,,,,,,,,,,,
启动次数,用户数,用户占比,时长,用户数,用户数占比,,,,,,
1-2次,2,100%,1分-3分,1,100%,,,,,,
2020/6/13,,,,,,,,,,,
           使用频率                      使用时长,,,,,,,,,,,
启动次数,用户数,用户占比,时长,用户数,用户数占比,,,,,,
1-2次,1,100%,1分-3分,1,100%,,,,,,
2020/6/14,,,,,,,,,,,
           使用频率                      使用时长,,,,,,,,,,,
启动次数,用户数,用户占比,时长,用户数,用户数占比,,,,,,
1-2次,1,100%,11秒-30秒,1,100%,,,,,,
2020/6/15,,,,,,,,,,,
           使用频率                      使用时长,,,,,,,,,,,
启动次数,用户数,用户占比,时长,用户数,用户数占比,,,,,,
1-2次,1,100%,1分-3分,1,100%,,,,,,
2020/6/16,,,,,,,,,,,
           使用频率                      使用时长,,,,,,,,,,,
启动次数,用户数,用户占比,时长,用户数,用户数占比,,,,,,
1-2次,1,100%,31秒-1分,1,100%,,,,,,
2020/6/17,,,,,,,,,,,
           使用频率                      使用时长,,,,,,,,,,,
启动次数,用户数,用户占比,时长,用户数,用户数占比,,,,,,
1-2次,1,100%,1分-10分,1,100%,,,,,,
2020/6/18,,,,,,,,,,,
           使用频率                      使用时长,,,,,,,,,,,
启动次数,用户数,用户占比,时长,用户数,用户数占比,,,,,,
1-2次,1,100%,1分-3分,1,100%,,,,,,
2020/6/19,,,,,,,,,,,
           使用频率                      使用时长,,,,,,,,,,,
启动次数,用户数,用户占比,时长,用户数,用户数占比,,,,,,
3-5次,1,100%,1分-3分,1,100%,,,,,,
2020/6/20,,,,,,,,,,,
           使用频率                      使用时长,,,,,,,,,,,
启动次数,用户数,用户占比,时长,用户数,用户数占比,,,,,,
1-2次,2,100%,1分-3分,1,50%,,,,,,
,,,3分-10分,1,50%,,,,,,
2020/6/21,,,,,,,,,,,
           使用频率                      使用时长,,,,,,,,,,,
启动次数,用户数,用户占比,时长,用户数,用户数占比,,,,,,
1-2次,1,100%,11秒-30秒,1,100%,,,,,,
2020/6/22,,,,,,,,,,,
           使用频率                      使用时长,,,,,,,,,,,
启动次数,用户数,用户占比,时长,用户数,用户数占比,,,,,,
1-2次,1,100%,1分-3分,1,100%,,,,,,
2020/6/23,,,,,,,,,,,
           使用频率                      使用时长,,,,,,,,,,,
启动次数,用户数,用户占比,时长,用户数,用户数占比,,,,,,
1-2次,1,100%,1秒-3秒,1,100%,,,,,,
2020/6/24,,,,,,,,,,,
           使用频率                      使用时长,,,,,,,,,,,
启动次数,用户数,用户占比,时长,用户数,用户数占比,,,,,,
1-2次,1,100%,11秒-30秒,1,100%,,,,,,
2020/6/25,,,,,,,,,,,
           使用频率                      使用时长,,,,,,,,,,,
启动次数,用户数,用户占比,时长,用户数,用户数占比,,,,,,
3-5次,1,100%,1分-3分,1,100%,,,,,,
2020/6/26,,,,,,,,,,,
           使用频率                      使用时长,,,,,,,,,,,
启动次数,用户数,用户占比,时长,用户数,用户数占比,,,,,,
1-2次,1,100%,11秒-30秒,1,100%,,,,,,
2020/6/27,,,,,,,,,,,
           使用频率                      使用时长,,,,,,,,,,,
启动次数,用户数,用户占比,时长,用户数,用户数占比,,,,,,
1-2次,1,100%,1分-3分,1,100%,,,,,,
2020/6/28,,,,,,,,,,,
           使用频率                      使用时长,,,,,,,,,,,
启动次数,用户数,用户占比,时长,用户数,用户数占比,,,,,,
1-2次,3,100%,4秒-10秒,1,50%,,,,,,
,,,31秒-1分,1,50%,,,,,,
2020/6/29,,,,,,,,,,,
           使用频率                      使用时长,,,,,,,,,,,
启动次数,用户数,用户占比,时长,用户数,用户数占比,,,,,,
3-5次,1,100%,3分-10分,1,100%,,,,,,
2020/6/30,,,,,,,,,,,
           使用频率                      使用时长,,,,,,,,,,,
启动次数,用户数,用户占比,时长,用户数,用户数占比,,,,,,
1-2次,1,100%,暂无数据,暂无数据,暂无数据,,,,,,
,,,,,,,,,,,
2020/7/1,,,,,,,,,,,
           使用频率                      使用时长,,,,,,,,,,,
启动次数,用户数,用户占比,时长,用户数,用户数占比,,,,,,
1-2次,1,100%,11秒-30秒,1,100%,,,,,,
2020/7/2,,,,,,,,,,,
           使用频率                      使用时长,,,,,,,,,,,
启动次数,用户数,用户占比,时长,用户数,用户数占比,,,,,,
1-2次,1,100%,1分-3分,1,100%,,,,,,
2020/7/3,,,,,,,,,,,
           使用频率                      使用时长,,,,,,,,,,,
启动次数,用户数,用户占比,时长,用户数,用户数占比,,,,,,
1-2次,1,100%,1分-3分,1,100%,,,,,,
2020/7/4,,,,,,,,,,,
           使用频率                      使用时长,,,,,,,,,,,
启动次数,用户数,用户占比,时长,用户数,用户数占比,,,,,,
1-2次,1,100%,11秒-30秒,1,100%,,,,,,
2020/7/5,,,,,,,,,,,
           使用频率                      使用时长,,,,,,,,,,,
启动次数,用户数,用户占比,时长,用户数,用户数占比,,,,,,
3-5次,1,100%,3分-10分,1,100%,,,,,,
2020/7/6,,,,,,,,,,,
           使用频率                      使用时长,,,,,,,,,,,
启动次数,用户数,用户占比,时长,用户数,用户数占比,,,,,,
1-2次,1,100%,1分-3分,1,100%,,,,,,
2020/7/7,,,,,,,,,,,
           使用频率                      使用时长,,,,,,,,,,,
启动次数,用户数,用户占比,时长,用户数,用户数占比,,,,,,
1-2次,1,100%,31秒-1分,1,100%,,,,,,
2020/7/8,,,,,,,,,,,
           使用频率                      使用时长,,,,,,,,,,,
启动次数,用户数,用户占比,时长,用户数,用户数占比,,,,,,
3-5次,1,100%,3分-10分,1,100%,,,,,,
2020/7/9,,,,,,,,,,,
           使用频率                      使用时长,,,,,,,,,,,
启动次数,用户数,用户占比,时长,用户数,用户数占比,,,,,,
1-2次,2,100%,11秒-30秒,1,100%,,,,,,
2020/7/10,,,,,,,,,,,
           使用频率                      使用时长,,,,,,,,,,,
启动次数,用户数,用户占比,时长,用户数,用户数占比,,,,,,
1-2次,2,100%,31秒-1分,2,100%,,,,,,
2020/7/11,,,,,,,,,,,
           使用频率                      使用时长,,,,,,,,,,,
启动次数,用户数,用户占比,时长,用户数,用户数占比,,,,,,
1-2次,2,100%,4秒-10秒,1,50%,,,,,,
,,,31秒-1分,1,50%,,,,,,
2020/7/12,,,,,,,,,,,
           使用频率                      使用时长,,,,,,,,,,,
启动次数,用户数,用户占比,时长,用户数,用户数占比,,,,,,
1-2次,3,100%,1秒-3秒,1,33.33%,,,,,,
,,,1分-3分,2,66.67%,,,,,,
2020/7/13,,,,,,,,,,,
           使用频率                      使用时长,,,,,,,,,,,
启动次数,用户数,用户占比,时长,用户数,用户数占比,,,,,,
1-2次,2,100%,31秒-1分,1,100%,,,,,,
